hnear_primschool,hnear_secschool,hnear_road,hnear_mkt,hwhoperm,hallocateoften,hnewclear_a,hcleardriver1,hcleardriver2,hrank_health,hrank_farmland,hrank_edu,hrank_job,watsource,watsource_prim,watsource_hhnum,watsource_safe,watsource_whysafe,watsource_whynosafe,borehole_func,borehole_nonfunc,borehole_mgmt,borehole_chall_yn,borehole_chall,borehole_seaschng,borehole_yrchng,health_dist,health_trans,health_qual,health_out,health_outfreq,health_outtype,health_chw,health_chwtype,health_chwfreq,health_chwsvc,fhhinc_timber,fhhinc_nontimber,fincomeprod_1,fincomeprod_2,forest_noaccess,noaccwhy,noaccimpact,forstrict_who,forguard,ccrb_yn,ccrb_name,vag_yn,vag_name,vag_meet,vag_whoattnd,vag_women,vag_womrestrict,vag_youth,govern_foruse,gov_change,gov_changewho,fparticipateyn,ftalk_who,comsvc,comsvc_watsan_yr,comsvc_watsan_imp,comsvc_edu_yr,comsvc_edu_imp,comsvc_health_yr,comsvc_health_imp,comsvc_mgmt,hunt_unauth,wood_unauth,fpolicy_action,fpolicy_effective,fclear_yn,fclear_punishyn,fclear_punish,fclear_rulebreak,fclear_rulefollow,fclear_who,fclear_whomost,fhuntfire_yn,fhuntfire_punishyn,fhuntfire_punish,fhuntfire_rulebreak,fhuntfire_rulefollow,fhuntfire_who,fhuntfire_whomost,ftimber_yn,ftimber_punishyn,ftimber_punish,ftimber_rulebreak,ftimber_rulefollow,ftimber_who,ftimber_whomost,ffire_yn,ffire_punishyn,ffire_punish,ffire_rulebreak,ffire_rulefollow,ffire_who,ffire_whomost,hproblem_job,hfsupport,hfsupport_who,hfsupport_type,hfrstserv_ben_1,hfrstserv_ben_2,hfrstserv_ben_3,hfrstserv_ben_4,hfrstserv_ben_5,hfrstserv_ben_6,htourism_pay,htourism_whoreceive,htourism_amt,hmine_co,hmine_pay,hmine_whoreceive,hmine_amt,watt_tour,watt_lodge,crbatt_employ,conserve_neg,hunt_prestige,parkatt_waste,parkatt_help,parkatt_employ,parkatt_meat,parkatt_adverse,parkatt_outside,parkatt_harrass,hvage,hvsize,hvsize_pop,hvsize_chng,hvsize_where,hvsize_tribe,hnear_primschool,hnear_secschool,hnear_road,hnear_mkt,hmigrate_farm,health_dist,fhhconsume,vag_yn,vag_youth,comsvc_watsan_yr,comsvc_edu_yr,comsvc_health_yr,
2,4,5,4,1,5,0,,,5,5,5,5,2,,50,1,1,,2,0,1,1,2,0,3,4,1,2,1,2,1 2,1,2,2,1 6,4,4,3,7,1,1 3,6 7,10,1,1,3,1,18,2,4,0,97,0,2,0,,0,,0,,,,,,,0,4,3,1,4,0,,,,,,,0,,,,,,,0,,,,,,,0,,,,,,,8,0,,,0,0,0,0,0,0,,,,,,,,4,4,4,2,2,2,2,4,3,2,1,2,1,50,8,1,4,1 5,2,4,5,4,5,4,5,1,0,,,,
5,7,6,5,3,3,3,1,0,5,1,5,1,2 8,2,10,2,3,3,1,0,1,1,2,0,3,4,1,1,1,2,1 2 10,0,,,,4,4,11,0,1,2,6,10,1,0,,0,,,,,,,2,0,,0,,,,,,,,,,5,4,0,,0,,,,,,,1,1,2 9 10,0,1,1 2,2,1,1,11,0,1,2,,0,,,,,,,6,0,,,0,0,0,0,0,0,,,,,,,,3,4,,4,3,3,2,2,4,4,2,3,2,18,5,1,4 5 13,1 5 6,5,7,6,5,5,4,3,0,,,,,
2,3,8,3,1,3,5,4,1,5,5,5,2,2,,60,1,97,,6,0,4,1,2,0,3,3,1,2,0,,,0,,,,4,5,11,6,1,6,5,8 9,1,1,,0,,,,,0,,2,0,,0,,0,,,,,,,0,5,5,0,,0,,,,,,,0,,,,,,,0,,,,,,,0,,,,,,,2,0,,,0,0,0,0,0,0,,,,,,,,4,4,4,2,4,4,1,5,4,2,1,2,2,18,9,3,,,2,3,8,3,5,3,1,0,,,,,
1,8,10,8,2,5,0,,,5,5,5,5,4,,69,3,,1,,0,,,,,,8,97,1,0,,,0,,,,5,5,20,0,0,,,,0,1,2,1,6,5,5,1,2,1,8,0,,0,,0,,,,,,,0,5,5,0,,0,,,,,,,1,1,9,0,1,3,,1,1,9,0,1,3,,0,,,,,,,8,0,,,0,0,0,0,0,0,,,,,,,,4,3,5,3,1,4,2,3,3,3,1,2,2,57,4,3,,,1,8,10,8,5,8,3,1,1,,,,
3,5,6,3,1,5,6,2,0,4,3,3,5,2 4,4,16,3,,1 3,,0,,,,,,3,1,3,1,4,2 3,1,1,4,1 2,1,4,22,3,1,2,5,10,0,0,,0,,,,,,,1,0,,1,3 4 8 97,,,,,,,,,5,5,0,,0,,,,,,,0,,,,,,,0,,,,,,,0,,,,,,,5,0,,,0,0,0,0,0,0,,,,,,,,5,5,,2,2,2,2,4,3,2,4,4,2,28,7,2,1 4,2 5,3,5,6,3,4,3,1,0,,,,,
2,2,8,2,1,5,0,,,5,5,5,3,2 4,4,25,3,,1 2 3,,1,4,1,2 3 4,,,2,1,4,0,,,1,1,4,3,4,4,21,2,0,,,,0,0,,0,,,,,,,6,0,,0,,,,,,,,,,5,5,0,,0,,,,,,,0,,,,,,,0,,,,,,,0,,,,,,,10,0,,,0,0,0,0,0,0,,,,,,,,5,5,,5,5,5,5,5,5,5,5,5,1,38,8,2,4,5,2,2,8,2,2,2,1,0,,,,,
5,6,10,6,2,4,0,,,5,5,5,5,8,,12,3,,1,,0,,,,,,5,2,2,0,,,0,,,,5,5,20,0,0,,,,0,0,,0,,,,,,,1,0,,0,,,,,,,,,,5,5,0,,0,,,,,,,0,,,,,,,0,,,,,,,0,,,,,,,10,0,,,0,0,0,0,0,0,,,,,,,,4,4,,3,1,4,2,4,4,4,2,3,2,12,3,3,,,5,6,10,6,4,5,4,0,,,,,
2,5,10,5,1,5,0,,,5,5,5,5,2,,65,1,1,,1,0,1,1,1 2,0,3,5,2,1,0,,,0,,,,5,4,7,22,0,,,,0,0,,0,,,,,,,1,0,,0,,,,,,,,,,5,5,0,,1,1,15,0,1,1 3,3,0,,,,,,,0,,,,,,,0,,,,,,,8,0,,,0,0,0,0,0,0,,,,,,,,4,4,,4,1,4,1,3,4,4,2,4,1,17,2,3,,,2,5,10,5,4,5,4,0,,,,,
5,5,8,5,0,5,40,97,0,5,5,5,1,4 8,8,100,3,,3,,0,,,,,,5,1,1,0,,,0,,,,4,4,6,20,0,,,,1,0,,0,,,,,,,7,0,,1,4,,,,,,,,,5,5,0,,0,,,,,,,0,,,,,,,0,,,,,,,0,,,,,,,10,0,,,0,0,0,0,0,0,,,,,,,,4,4,,4,5,5,2,4,4,4,4,4,2,56,7,2,4,1 2 5,5,5,8,5,4,5,1,0,,,,,
2,5,10,5,1,4,5,1,2,5,3,5,5,4,,12,3,,1,,0,,,,,,5,2,1,1,4,1 2 3,0,,,,4,4,7,2,0,,,,0,1,2,0,,,,,0,,8,0,,0,,0,,,,,,,0,5,5,0,,0,,,,,,,0,,,,,,,0,,,,,,,0,,,,,,,10,0,,,0,0,0,0,0,0,,,,,,,,4,4,3,3,1,4,2,4,3,3,2,2,2,12,2,3,,,2,5,10,5,4,5,4,0,,,,,
3,6,7,3,1,5,1,2,1,5,5,4,1,2 4,4,30,1,3,,1,0,97,1,2,2,3,3,2,1,1,3,1 3 4,1,1,5,1 2 3,4,5,3,20,0,,,,0,1,,0,,,,,0,,1,0,,1,3 4 8,0,,,,,,,5,5,5,5,2,0,,,,,,,0,,,,,,,0,,,,,,,0,,,,,,,1,0,,,0,0,0,0,0,0,,,,,,,,2,2,2,4,4,5,2,2,2,4,1,4,2,55,8,2,1 2 4,2 5,3,6,7,3,4,3,1,0,,,,,
3,3,7,4,1,5,0,,,5,1,5,5,4,,29,3,,1,,0,,,,,,3,1,2,0,,,1,2,4,3,5,5,6,7,1,3,6,8,0,1,2,0,,,,,1,,2,0,,0,,0,,,,,,,0,5,5,0,,0,,,,,,,0,,,,,,,0,,,,,,,0,,,,,,,8,0,,,0,0,,,0,,,,,,,,,4,4,4,4,2,4,4,2,2,2,1,4,2,19,5,3,,,3,3,7,4,5,3,5,0,,,,,
2,5,10,3,1,5,3,1,0,5,4,5,5,2,,16,1,3,,1,0,1,1,2 4,0,3,5,1,2,0,,,0,,,,5,4,7,6,0,,,,0,1,2,1,13,5,2 5,1,0,1,8,0,,0,,0,,,,,,,0,5,5,0,,1,1,15,0,1,3,,1,1,15,0,1,1 3,3,1,1,15,0,1,3,,0,,,,,,,9,0,,,0,0,0,0,0,0,,,,,,,,4,4,4,3,2,2,2,2,3,3,1,3,2,16,2,3,,,2,5,10,3,5,5,5,1,1,,,,
2,7,10,2,1,5,3,1,0,5,3,5,5,4,,69,3,,97,,0,,,,,,5,1,1,1,4,1 3,0,,,,5,5,7,6,0,,,,0,1,2,1,13,5,5,1,0,1,1,0,,0,,0,,,,,,,0,5,5,0,,0,,,,,,,0,,,,,,,0,,,,,,,0,,,,,,,10,0,,,0,0,0,0,0,0,,,,,,,,2,2,3,4,1,5,2,3,5,4,2,4,2,69,7,2,2,1 2 5,2,7,10,2,4,5,5,1,1,,,,
3,6,5,9,1,4,20,2,1,4,3,5,1,2 7 8,2,100,1,3,,1,0,4,1,2 3,2,2,5,2,1,1,4,1 2 3 97,1,1,4,1 4,5,4,21,22,0,,,,1,0,,0,,,,,,,0,0,,1,3 97,,,,,,,,,4,2,0,,0,,,,,,,0,,,,,,,0,,,,,,,0,,,,,,,1,0,,,0,0,0,0,0,0,,,,,,,,5,4,,3,5,4,4,4,5,5,5,5,1,21,6,1,2,2 5,3,6,5,9,3,5,1,0,,,,,
1,1,9,2,1,4,0,,,5,5,5,5,2,,100,1,3,,1,0,97,0,,0,3,1,1,2,0,,,0,,,,5,5,21,4,0,,,,0,0,,0,,,,,,,7,0,,1,3 4 5,,,,,,,,,5,5,0,,0,,,,,,,0,,,,,,,0,,,,,,,0,,,,,,,10,0,,,0,0,0,0,0,0,,,,,,,,4,4,,4,4,4,4,4,4,4,4,4,2,29,9,3,,,1,1,9,2,5,1,1,0,,,,,
1,1,10,1,1,5,2,1,2,1,2,1,5,2 4,2,80,1,3,,1,0,1,1,1 2,0,3,1,1,2,0,,,1,1,1,1 2 4 6,4,4,21,7,0,,,,1,0,,0,,,,,,,1,0,,0,,,,,,,,,,5,5,0,,1,1,13,0,1,1,,1,1,13,0,1,1,,0,,,,,,,0,,,,,,,10,0,,,0,0,0,0,0,0,,,,,,,,1,4,,2,1,2,2,4,4,4,1,2,1,69,4,2,2,97,1,1,10,1,3,1,3,0,,,,,
5,7,10,4,1,5,0,,,5,2,5,5,4,,22,3,,2,,1,0,1,1 2,,,4,1,1,0,,,1,1,4,2 3 8,5,5,6,7,0,,,,0,1,2,0,,,,,0,,1,0,,0,,0,,,,,,,0,5,5,0,,1,1,7,0,1,97,,1,1,15,0,1,2,,1,1,12,0,1,2,,0,,,,,,,9,0,,,0,0,0,0,0,0,,,,,,,,4,4,3,4,1,1,2,4,4,4,1,3,1,22,3,4,,,5,7,10,4,5,4,5,0,,,,,
1,5,7,4,0,5,10,1,2,5,5,5,5,2 4,4,40,3,,1 3,1,0,4,1,2 5,0,1,5,2,2,0,,,1,1,4,3 9 10,4,4,20,11,0,,,,0,0,,0,,,,,,,8,0,,0,,,,,,,,,,5,5,0,,0,,,,,,,0,,,,,,,0,,,,,,,0,,,,,,,8,0,,,0,0,0,0,0,0,,,,,,,,4,4,,4,4,5,4,4,4,5,2,2,1,61,7,2,1 2 4,1 2 5,1,5,7,4,4,5,1,0,,,,,
3,3,10,3,1,4,3,1,2,5,4,5,5,4,,14,3,,1,,0,,,,,,3,1,2,0,,,0,,,,5,4,7,22,0,,,,0,0,,0,,,,,,,1,0,,0,,,,,,,,,,5,5,0,,1,1,15,0,1,2,,0,,,,,,,0,,,,,,,0,,,,,,,10,0,,,0,0,0,0,0,0,,,,,,,,5,5,,3,1,4,2,4,4,4,3,4,2,14,2,3,,,3,3,10,3,4,3,4,0,,,,,
3,3,8,3,0,5,8,1,2,5,5,5,5,2 4,4,15,3,,3,1,0,4,1,2,0,3,3,1,1,0,,,1,1,3,1 2 4,,5,4,20,0,,,,0,0,,0,,,,,,,6,0,,1,3 4,,,,,,,,,5,5,1,3,0,,,,,,,0,,,,,,,0,,,,,,,0,,,,,,,10,0,,,0,0,0,0,0,0,,,,,,,,4,4,,4,4,4,1,4,4,4,2,2,1,28,7,3,,,3,3,8,3,4,3,1,0,,,,,
3,6,6,6,2,5,30,1,3,5,3,5,3,2,,50,1,3,,2,1,4,1,2 3 4,2,4,6,1,2,0,,,1,1,5,3 4,5,4,22,20,0,,,,0,0,,0,,,,,,,7,0,,0,,,,,,,,,,5,5,0,,0,,,,,,,0,,,,,,,0,,,,,,,0,,,,,,,5,0,,,0,0,0,0,0,0,,,,,,,,4,5,,4,4,4,2,4,4,5,2,4,2,26,8,2,4,2 5,3,6,6,6,4,6,1,0,,,,,
3,7,10,3,1,4,5,1,2,5,5,5,5,4,,26,3,,1,,0,,,,,,5,1,2,0,,,0,,,,5,4,6,7,0,,,,0,1,2,1,13,5,1,1,97,1,8,0,,1,8,0,,,,,,,0,5,5,0,,1,1,15,0,1,1 3,3,1,1,9,0,1,3,,1,1,15,0,1,3,,0,,,,,,,10,0,,,0,0,0,0,0,0,,,,,,,,3,3,2,3,2,4,4,2,5,4,1,3,2,26,3,2,13,5,3,7,10,3,5,5,4,1,1,,,,
5,5,10,5,1,4,3,1,0,5,4,5,5,4,,27,3,,1,,0,,,,,,5,1,2,0,,,0,,,,5,3,20,22,0,,,,0,0,,0,,,,,,,1,0,,0,,,,,,,,,,5,5,0,,1,0,,0,1,1,,0,,,,,,,0,,,,,,,0,,,,,,,10,0,,,0,0,0,0,0,0,,,,,,,,4,3,,2,2,3,3,3,4,2,1,4,2,27,3,2,1,2,5,5,10,5,4,5,3,0,,,,,
4,7,5,9,2,4,6,2,0,5,5,5,5,2 8,8,80,1,2 3,,,1,4,1,1 2 3 97,1,5,7,2,1,0,,,0,,,,4,4,20,3,0,,,,1,0,,0,,,,,,,7,0,,1,3 4 5,,,,,,,,,5,5,0,,0,,,,,,,0,,,,,,,0,,,,,,,0,,,,,,,10,0,,,0,0,0,0,0,0,,,,,,,,5,5,,5,5,4,2,4,4,5,5,5,2,80,9,2,4 6,2 8,4,7,5,9,5,7,1,0,,,,,
4,6,9,5,2,4,5,1,2,5,5,5,5,4,,13,3,,1,,0,,,,,,5,2,2,0,,,0,,,,4,4,7,6,0,,,,0,0,,0,,,,,,,8,0,,0,,,,,,,,,,4,5,0,,1,1,15,0,1,1,,0,,,,,,,0,,,,,,,0,,,,,,,9,0,,,0,0,0,0,0,0,,,,,,,,3,3,,3,1,4,2,3,3,3,2,2,2,13,2,3,,,4,6,9,5,4,5,4,0,,,,,
3,5,9,5,0,5,1,1,2,5,5,5,5,2,,50,1,1 3,,1,0,4,1,97,1,3,5,3,2,0,,,0,,,,5,4,22,21,0,,,,1,0,,0,,,,,,,9,0,,1,4,,,,,,,,,5,5,0,,0,,,,,,,0,,,,,,,0,,,,,,,0,,,,,,,8,0,,,0,0,0,0,0,0,,,,,,,,4,4,,4,4,5,4,5,4,4,3,4,1,12,5,2,97,2,3,5,9,5,4,5,1,0,,,,,
2,6,10,5,1,4,0,,,5,5,5,5,4,,28,3,,97,,0,,,,,,5,1,1,0,,,1,1,5,1 3,5,4,2,6,0,,,,0,0,,0,,,,,,,8,0,,0,,,,,,,,,,5,5,0,,0,,,,,,,0,,,,,,,0,,,,,,,0,,,,,,,8,0,,,0,0,0,0,0,0,,,,,,,,1,3,,5,1,4,2,2,5,4,1,5,1,28,3,2,2,5,2,6,10,5,5,5,4,0,,,,,
3,6,8,4,0,5,0,,,5,5,5,5,4,,30,3,,3,,0,,,,,,5,2,2,0,,,0,,,,5,4,20,11,0,,,,0,0,,0,,,,,,,8,0,,0,,,,,,,,,,5,5,0,,1,,,0,1,4,,0,,,,,,,0,,,,,,,0,,,,,,,10,0,,,0,0,0,0,0,0,,,,,,,,4,4,,4,3,4,1,4,4,4,2,4,1,16,2,2,5,5,3,6,8,4,5,5,1,0,,,,,
3,4,9,2,0,5,10,1,2,5,5,5,3,2 4,2,150,1,97,,2,1,4,1,2 3,2,3,3,1,2,0,,,1,1,5,2 5,3,3,20,21,0,,,,0,0,,0,,,,,,,6,0,,0,,,,,,,,,,5,5,0,,0,,,,,,,0,,,,,,,0,,,,,,,0,,,,,,,1,0,,,0,0,0,0,0,0,,,,,,,,4,5,,4,4,4,3,5,4,4,1,4,2,54,9,1,1 2 4 97,2 5,3,4,9,2,4,3,1,0,,,,,
2,5,10,5,1,5,0,,,5,5,5,5,2,,68,1,1,,1,0,0,0,,0,3,5,2,2,0,,,1,1,1,4,5,4,7,21,0,,,,0,0,,0,,,,,,,8,0,,0,,,,,,,,,,5,5,0,,0,,,,,,,0,,,,,,,0,,,,,,,0,,,,,,,9,0,,,0,0,0,0,0,0,,,,,,,,4,4,,4,1,1,1,5,4,4,1,4,2,28,3,3,,,2,5,10,5,5,5,5,0,,,,,
3,5,8,3,2,3,5,1,0,5,5,5,5,2,,47,1,1,,1,0,3,1,2,0,3,3,1,1,0,,,0,,,,5,5,11,0,0,,,,0,1,2,0,,,,,3 97,,8,0,,0,,0,,,,,,,0,4,4,0,,0,,,,,,,0,,,,,,,0,,,,,,,0,,,,,,,10,0,,,0,0,0,0,0,0,,,,,,,,1,2,4,3,2,4,2,5,4,4,2,4,2,26,3,2,2 4,2 5,3,5,8,3,4,3,4,0,,,,,
3,3,10,3,1,5,8,1,2,5,5,5,5,4,,102,3,,1,,0,,,,,,2,1,1,0,,,1,2,1,4,5,3,7,21,0,,,,1,0,,0,,,,,,,8,0,,0,,,,,,,,,,5,5,0,,1,1,15,0,2,1 2 3,3,1,1,15,1,2,1,,0,,,,,,,0,,,,,,,10,0,,,0,0,0,0,0,0,,,,,,,,4,4,,4,1,5,2,4,4,4,1,3,2,102,4,3,,,3,3,10,3,4,2,3,0,,,,,
3,5,7,1,1,5,2,1,0,5,5,5,5,8,,33,1,3,,,1,3,1,1 2 3,,,2,1,1,0,,,0,,,,5,5,6,0,0,,,,0,1,2,0,,,,,0,,2,0,,0,,0,,,,,,,0,5,5,0,,0,,,,,,,0,,,,,,,0,,,,,,,0,,,,,,,10,0,,,0,0,0,0,0,0,,,,,,,,5,2,4,4,2,4,2,5,4,4,2,3,2,33,5,4,,,3,5,7,1,5,2,5,0,,,,,
5,5,8,5,2,4,2,1,2,5,5,5,5,8,,35,3,,1 2,,0,,,,,,5,2,2,0,,,0,,,,5,4,20,9,0,,,,0,0,,0,,,,,,,1,0,,0,,,,,,,,,,5,5,0,,0,,,,,,,0,,,,,,,0,,,,,,,0,,,,,,,10,0,,,0,0,0,0,0,0,,,,,,,,4,4,,3,1,1,3,3,3,3,3,1,2,18,2,3,,,5,5,8,5,3,5,3,0,,,,,
3,5,10,5,1,5,2,1,2,5,5,5,5,2,,60,1,1,,3,0,0,0,,0,3,5,2,1,0,,,1,1,1,1 2 3 4 6 7,5,3,7,21,0,,,,0,0,,0,,,,,,,1,0,,0,,,,,,,,,,5,5,0,,0,,,,,,,0,,,,,,,0,,,,,,,0,,,,,,,9,0,,,0,0,0,0,0,0,,,,,,,,3,3,,3,3,3,3,3,3,4,2,4,2,60,5,2,2 3 13,5,3,5,10,5,3,5,4,0,,,,,
4,5,9,5,0,5,20,97,2,5,3,5,3,2,,80,1,3,,1,1,4,1,3 4 5 97,0,3,5,3,2,0,,,0,,,,4,5,6,5,0,,,,1,0,,0,,,,,,,6,0,,0,,,,,,,,,,5,5,0,,1,1,15,0,1,2 3,3,0,,,,,,,0,,,,,,,0,,,,,,,10,0,,,0,0,0,0,0,0,,,,,,,,5,5,,5,5,5,4,4,4,4,2,2,2,31,7,2,1 2 4,1 2 5,4,5,9,5,4,5,1,0,,,,,
4,4,10,4,1,5,0,,,5,5,5,5,4,,21,3,,1,,0,,,,,,4,1,2,0,,,0,,,,5,5,7,22,0,,,,0,0,,0,,,,,,,1,0,,0,,,,,,,,,,5,5,0,,1,1,15,0,1,1,,0,,,,,,,0,,,,,,,0,,,,,,,10,0,,,0,0,0,0,0,0,,,,,,,,4,4,,3,2,5,2,3,3,4,1,3,2,21,3,3,,,4,4,10,4,3,4,4,0,,,,,
2,4,7,4,1,4,0,,,5,5,5,1,2,,200,1,1 3,,1,0,4,1,2 3 4,1,4,4,2,1,0,,,0,,,,4,4,20,21,1,2,6 9 10,10,0,0,,0,,,,,,,6,0,,1,3 4,,,,,,,,,5,5,0,,0,,,,,,,0,,,,,,,0,,,,,,,0,,,,,,,10,0,,,0,0,0,0,0,0,,,,,,,,4,4,,4,4,5,4,5,5,5,2,4,1,16,9,2,13 97,2 5,2,4,7,4,4,4,1,0,,,,,
1,5,10,5,1,5,5,1,2,5,5,5,5,2,,89,1,1,,1,0,1,1,2,0,,5,1,1,0,,,0,,,,5,4,7,1,0,,,,0,0,,0,,,,,,,8,0,,0,,,,,,,,,,5,5,0,,0,,,,,,,0,,,,,,,0,,,,,,,0,,,,,,,10,0,,,0,0,0,0,0,0,,,,,,,,5,4,,3,3,1,3,2,4,4,3,3,2,41,5,2,2 13,5,1,5,10,5,4,5,5,0,,,,,
3,5,8,5,1,5,2,2,0,5,5,5,5,2 4,4,20,3,,1 3,,0,,,,,,5,2,1,0,,,1,1,5,1,1,4,20,11,0,,,,0,1,,0,,,,,2 3,,1,1,3,0,,0,,,,,,,0,5,5,0,,0,,,,,,,0,,,,,,,0,,,,,,,0,,,,,,,10,0,,,0,0,0,0,0,0,,,,,,,,5,5,4,4,4,5,2,2,2,2,2,3,1,29,5,2,1,2 5,3,5,8,5,5,5,1,0,,,,,
2,2,10,2,1,4,6,1,2,5,3,3,5,2,,80,1,3,,1,0,1,1,2,2,3,2,1,1,0,,,0,,,,5,3,22,7,1,2,5,10,1,1,2,1,8,4,1,1,0,1,8,0,,0,,0,,,,,,,0,5,5,0,,1,1,15,0,1,3,,0,,,,,,,0,,,,,,,0,,,,,,,10,0,,,0,0,0,0,0,0,,,,,,,,4,4,5,4,2,5,3,4,4,4,1,4,2,42,3,3,,,2,2,10,2,5,2,3,1,1,,,,
4,7,10,4,1,5,6,1,2,5,5,5,5,4,,9,3,,3,,0,,,,,,4,1,1,1,2,1 3 4 6,1,2,4,1 3,5,5,6,7,0,,,,0,,,0,,,,,,,1,0,,0,,,,,,,,,,5,5,0,,0,,,,,,,0,,,,,,,0,,,,,,,0,,,,,,,10,0,,,0,0,0,0,0,0,,,,,,,,5,4,,5,1,3,3,5,4,5,2,3,1,9,2,3,,,4,7,10,4,5,4,5,0,,,,,
3,7,10,7,2,5,2,1,2,5,5,5,4,8,,23,3,,1,,0,,,,,,7,2,1,1,2,1 2 3 4 6 10,0,,,,4,4,20,2,0,,,,0,1,2,1,6,5,6,1,97,1,7,0,,0,,0,,,,,,,0,5,5,0,,1,1,12,0,1,1,,1,1,12,1,1,3,,1,1,12,0,1,3,,0,,,,,,,10,0,,,0,0,0,0,0,0,,,,,,,,1,2,2,3,1,5,2,2,4,4,2,5,2,23,3,3,,,3,7,10,7,4,7,1,1,1,,,,
3,4,8,4,2,4,0,,,5,5,5,5,2 4,2,65,1,3,,1,0,4,1,2,1,4,4,2,1,0,,,0,,,,4,4,5,20,0,,,,1,0,,0,,,,,,,8,0,,1,3 4,,,,,,,,,5,5,0,,0,,,,,,,0,,,,,,,0,,,,,,,0,,,,,,,10,0,,,0,0,0,0,0,0,,,,,,,,5,5,,5,5,4,1,4,4,2,1,2,2,14,9,1,1 2 13,2 5 97,3,4,8,4,3,4,1,0,,,,,
3,9,10,8,2,5,0,,,5,5,5,5,4,,21,3,,97,,0,,,,,,8,97,2,0,,,0,,,,5,2,20,0,0,,,,0,1,2,1,6,5,5,1,3 97,1,8,0,,0,,0,,,,,,,0,5,5,0,,1,1,15,0,1,2,,1,1,15,0,1,2,,0,,,,,,,0,,,,,,,10,0,,,0,0,0,0,0,0,,,,,,,,4,4,3,4,1,2,2,2,3,4,1,1,2,21,2,3,,,3,9,10,8,3,8,2,1,1,,,,
2,6,10,3,1,4,9,1,2,5,3,5,5,2,,16,1,1,,1,0,0,1,2,0,3,5,1,2,0,,,0,,,,5,5,6,7,0,,,,0,0,,0,,,,,,,1,0,,0,,,,,,,,,,5,5,0,,0,,,,,,,0,,,,,,,0,,,,,,,0,,,,,,,8,0,,,0,0,0,0,0,0,,,,,,,,5,5,,4,2,3,3,4,4,4,2,4,2,16,3,3,,,2,6,10,3,5,5,5,0,,,,,
3,6,5,2,1,5,10,2,1,5,5,5,5,2,,21,3,,3,3,4,2 4,1,2 4,0,3,1,1,3,0,,,1,1,2,1,5,5,0,,1,6,0,9,0,0,,0,,,,,,,1,0,,1,3 4 5,,,,,,,,,5,5,0,,0,,,,,,,0,,,,,,,0,,,,,,,0,,,,,,,10,0,,,0,0,0,0,0,0,,,,,,,,4,4,,4,4,4,2,4,4,4,1,4,1,21,7,2,1,2,3,6,5,2,4,1,1,0,,,,,
5,8,9,6,2,4,6,1,2,5,5,5,5,4,,13,3,,1,,0,,,,,,6,2,2,0,,,0,,,,5,4,7,0,0,,,,0,0,,0,,,,,,,7,0,,0,,,,,,,,,,5,5,0,,0,,,,,,,0,,,,,,,0,,,,,,,0,,,,,,,8,0,,,0,0,0,0,0,0,,,,,,,,4,4,,2,2,4,3,3,4,4,4,2,2,13,2,3,,,5,8,9,6,4,6,4,0,,,,,
3,6,6,2,1,5,3,4,2,5,4,5,2,2 4,4,23,3,,3,,0,,,,,,2,1,1,0,,,0,,,,5,4,7,6,0,,,,0,0,,0,,,,,,,3,0,,1,3 4 8,,,,,,,,,5,5,0,,0,,,,,,,0,,,,,,,0,,,,,,,0,,,,,,,10,0,,,0,0,0,0,0,0,,,,,,,,5,5,,4,4,4,1,5,5,4,2,3,1,24,6,2,1,2,3,6,6,2,4,2,1,0,,,,,
3,6,8,3,1,4,5,1,0,5,3,3,5,2 3,2,30,1,1,,1,0,0,1,2,0,3,3,1,2,0,,,0,,,,5,5,7,6,0,,,,0,0,,0,,,,,,,1,0,,0,,,,,,,,,,5,4,0,,1,1,9,0,1,3,,1,1,9,0,1,3,,0,,,,,,,1,1,9,0,1,3,,10,0,,,0,0,0,0,0,0,,,,,,,,4,4,,4,1,4,3,2,5,4,1,4,2,30,7,4,,,3,6,8,3,4,3,4,0,,,,,
5,5,7,5,1,5,5,2,0,5,1,5,1,4 8,8,34,1,1 3,,,0,,,,,,5,1,1,1,4,1,1,1,3,2,5,4,20,0,0,,,,0,1,97,1,,,2,1,3,1,7,0,,1,3 4 5,0,,,,,,,1,5,5,1,3,0,,,,,,,0,,,,,,,0,,,,,,,0,,,,,,,1,0,,,0,0,0,0,0,0,,,,,,,,4,4,2,4,4,4,4,4,4,4,4,4,1,34,5,3,,,5,5,7,5,3,5,1,1,1,,,,
3,3,5,2,1,4,5,1,0,4,4,5,3,2,,45,3,,97,2,1,97,1,3 97,0,3,2,2,1,0,,,0,,,,5,4,11,14,0,,,,0,0,,0,,,,,,,3,0,,1,3 4,,,,,,,,,5,5,0,,0,,,,,,,0,,,,,,,0,,,,,,,0,,,,,,,7,0,,,0,0,0,0,0,0,,,,,,,,4,4,,4,2,2,1,5,4,4,1,2,1,45,8,2,1 4,2 5,3,3,5,2,4,2,1,0,,,,,
3,3,8,3,2 4,5,0,,,5,5,5,5,4,,34,3,,3,,0,,,,,,5,2,2,0,,,1,1,5,1 2,1,5,11,7,0,,,,0,0,,0,,,,,,,8,1,2,1,4,,,,,,,,,4,5,0,,1,0,,0,1,4,,0,,,,,,,0,,,,,,,0,,,,,,,10,0,,,0,0,0,0,0,0,,,,,,,,4,4,,4,2,2,4,5,4,4,1,4,1,12,4,3,,,3,3,8,3,4,5,1,0,,,,,
2,6,8,2,2,3,10,4,2,5,5,5,5,4,,30,2,1,2,,0,,,,,,3,1,2,1,4,97,0,,,,5,5,11,20,0,,,,0,0,,0,,,,,,,1,0,,0,,,,,,,,,,5,5,0,,0,,,,,,,0,,,,,,,0,,,,,,,0,,,,,,,10,0,,,0,0,0,0,0,0,,,,,,,,4,4,,3,4,4,2,4,4,4,1,4,2,30,6,4,,,2,6,8,2,5,3,1,0,,,,,
3,4,7,4,1,4,3,1,2,5,1,5,4,2,,24,1,3,,1,0,1,1,2 4,0,3,4,1,1,1,4,1 3,1,2,3,1 2 3 7,5,5,3,0,1,7,0,2,0,1,2,0,,,,,0,,2,0,,0,,0,,,,,,,0,4,5,0,,0,,,,,,,0,,,,,,,0,,,,,,,0,,,,,,,10,0,,,0,0,0,0,0,0,,,,,,,,2,2,3,4,1,4,2,2,4,5,2,4,1,24,4,4,,,3,4,7,4,4,4,5,0,,,,,
3,3,6,3,1,5,0,,,5,3,5,5,2,,50,1,3,,1,0,4,1,2 4,2,3,3,1,1,0,,,1,1,5,1,4,5,20,7,0,,,,0,0,,0,,,,,,,3,0,,0,,,,,,,,,,5,5,0,,0,,,,,,,0,,,,,,,0,,,,,,,0,,,,,,,1,0,,,0,0,0,0,0,0,,,,,,,,5,2,,3,4,2,2,4,4,4,1,4,2,20,7,4,,,3,3,6,3,5,3,1,0,,,,,
3,5,7,3,1,5,10,2,0,5,5,5,1,2,,50,1,3,,1,0,0,1,2,0,3,4,1,1,1,5,97,0,,,,5,5,7,20,0,,,,0,0,,0,,,,,,,9,0,,0,,,,,,,,,,5,5,0,,0,,,,,,,0,,,,,,,0,,,,,,,0,,,,,,,5,0,,,0,0,0,0,0,0,,,,,,,,4,5,,4,4,4,4,4,4,4,2,4,1,10,5,3,,,3,5,7,3,4,4,1,0,,,,,
5,5,9,5,2,5,0,,,5,5,5,5,8,,23,3,,1,,0,,,,,,4,1,1,0,,,0,,,,3,3,20,0,0,,,,0,1,2,1,6,5,5,1,1 3,1,8,0,,0,,0,,,,,,,0,5,5,0,,0,,,,,,,0,,,,,,,0,,,,,,,0,,,,,,,8,0,,,0,0,0,0,0,0,,,,,,,,5,4,3,4,1,4,2,4,4,3,1,3,2,23,3,3,,,5,5,9,5,3,4,3,1,1,,,,
3,6,10,3,1,4,5,1,2,5,5,5,5,4,,36,3,,1,,0,,,,,,5,1,1,0,,,0,,,,5,4,0,,0,,,,0,0,,0,,,,,,,2,0,,0,,,,,,,,,,5,5,0,,0,,,,,,,1,1,9,0,1,2,,0,,,,,,,0,,,,,,,10,0,,,0,0,0,0,0,0,,,,,,,,5,4,,4,1,4,2,4,4,3,2,4,1,36,3,2,4,5,3,6,10,3,5,5,4,0,,,,,
1,5,9,5,2,3,5,1,2,5,5,5,5,8,,31,3,,1,,0,,,,,,4,1,2,0,,,0,,,,4,4,20,0,0,,,,0,1,2,1,7,5,4,1,0,1,8,0,,0,,0,,,,,,,0,5,5,0,,0,,,,,,,0,,,,,,,0,,,,,,,0,,,,,,,10,0,,,0,0,0,0,0,0,,,,,,,,1,4,3,4,1,3,1,1,3,3,1,3,2,31,4,3,,,1,5,9,5,3,4,4,1,1,,,,
3,5,9,2,1,5,0,,,5,3,4,5,2,,53,1,3,,4,0,1,1,2 5,0,3,2,1,1,0,,,0,,,,5,3,7,11,0,,,,1,1,2,1,9,4,4,0,5,1,8,0,,1,2 3 8,0,,,,,,,0,3,5,1,4,1,1,12,0,1,3,,1,1,10,0,2,3,,0,,,,,,,0,,,,,,,10,0,,,0,0,0,0,0,0,,,,,,,,4,2,3,4,1,5,2,2,3,3,2,5,2,53,9,2,1,1 5 6,3,5,9,2,5,2,4,1,1,,,,
2,5,8,5,2,4,0,,,5,5,5,5,8,,85,3,,1 2,,0,,,,,,5,1,1,0,,,0,,,,5,3,20,9,0,,,,0,1,2,1,7,5,4 5,1,3 97,1,8,0,,0,,0,,,,,,,0,5,5,0,,0,,,,,,,0,,,,,,,0,,,,,,,0,,,,,,,10,0,,,0,0,0,0,0,0,,,,,,,,4,5,3,4,1,3,3,3,4,2,1,2,2,56,4,3,,,2,5,8,5,4,5,3,1,1,,,,
3,3,8,2,1,5,0,,,5,3,5,5,2,,44,2,2,97,1,0,1,1,3,1,4,2,1,1,0,,,1,2,4,3,5,5,11,6,0,,,,0,0,,0,,,,,,,1,0,,0,,,,,,,,,,4,5,0,,0,,,,,,,0,,,,,,,0,,,,,,,0,,,,,,,10,0,,,0,0,0,0,0,0,,,,,,,,2,2,,4,2,2,3,3,4,4,2,3,1,40,9,1,4,97,3,3,8,2,5,2,4,0,,,,,
3,7,10,5,2,4,0,,,5,5,5,5,8,,25,3,,1,,0,,,,,,5,2,1,0,,,1,97,1,1 3 4,5,4,20,0,0,,,,0,1,2,1,7,5,4,1,3,1,8,0,,0,,0,,,,,,,0,5,5,0,,0,,,,,,,0,,,,,,,0,,,,,,,0,,,,,,,10,0,,,0,0,0,0,0,0,,,,,,,,5,4,3,2,2,3,4,5,3,3,1,2,2,25,3,3,,,3,7,10,5,4,5,4,1,1,,,,
4,8,9,2,1,5,0,,,5,5,5,5,4,,33,3,,2,,0,,,,,,2,1,2,0,,,1,2,4,1 3,5,4,7,11,0,,,,0,0,,0,,,,,,,1,,,0,,,,,,,,,,5,5,0,,0,,,,,,,0,,,,,,,0,,,,,,,0,,,,,,,10,0,,,0,0,0,0,0,0,,,,,,,,4,5,,3,2,4,2,5,5,4,1,5,2,33,6,2,1 2,1 4 5,4,8,9,2,5,2,5,0,,,,,
5,8,10,5,1,5,6,1,0,5,5,5,5,4,,35,3,,97,,0,,,,,,6,1,2,0,,,1,97,3,1 4,5,3,7,6,0,,,,0,1,2,0,,,,,1,,2,0,,0,,0,,,,,,,0,5,5,0,,0,,,,,,,0,,,,,,,0,,,,,,,0,,,,,,,10,0,,,0,0,0,0,0,0,,,,,,,,1,1,5,4,1,4,2,4,3,4,1,4,2,35,4,5,,,5,8,10,5,5,6,5,0,,,,,
2,3,8,2,1,5,0,,,5,5,5,5,4,,25,3,,1 2 3,,0,,,,,,5,1,4,0,,,0,,,,5,5,22,6,0,,,,0,0,,0,,,,,,,1,0,,0,,,,,,,,,,5,5,0,,0,,,,,,,0,,,,,,,1,0,,0,1,97,,0,,,,,,,10,0,,,0,0,0,0,0,0,,,,,,,,5,4,,4,4,4,2,4,4,4,1,4,1,25,7,2,1,5,2,3,8,2,4,5,1,0,,,,,
3,4,8,3,0,5,0,,,5,5,5,5,2,,150,1,3,,1,0,4,1,2 3 4,1,5,4,1,2,0,,,1,1,5,1,1,4,20,22,0,,,,0,0,,1,,4,6,0,3 5,1,8,0,,1,8,,,,,,,,,5,5,0,,0,,,,,,,0,,,,,,,0,,,,,,,0,,,,,,,10,0,,,0,0,0,0,0,0,,,,,,,,4,4,,4,4,4,4,4,4,4,1,2,1,23,5,3,,,3,4,8,3,4,4,1,1,1,,,,
3,6,7,2,0,5,0,,,5,5,5,5,4,,12,3,,3,,0,,,,,,5,2,2,0,,,1,1,4,1,5,4,11,7,0,,,,0,0,,0,,,,,,,8,1,1,0,,,,,,,,,,5,5,0,,1,,,0,1,4,,0,,,,,,,0,,,,,,,0,,,,,,,10,0,,,0,0,0,0,0,0,,,,,,,,5,5,,4,3,4,2,4,4,4,1,4,1,11,5,4,,,3,6,7,2,4,5,1,0,,,,,
2,6,8,1,1,5,10,97,0,5,5,5,4,4,,50,1,3,,,0,,,,,,3,1,3,0,,,1,1,5,1 2 4 10 11,5,4,20,22,0,,,,0,1,,0,,,,,5,,1,0,,1,4,0,,,,,,,0,5,3,0,,1,1,15,0,1,2,,0,,,,,,,0,,,,,,,0,,,,,,,10,0,,,0,0,0,0,0,0,,,,,,,,5,5,2,4,2,4,2,4,4,4,1,1,,50,9,1,1 4 5 13 14,4 5,2,6,8,1,5,3,1,0,,,,,
1,2,7,3,1,5,5,2,1,5,5,5,5,4,4,25,1,3,,,0,,,,,,5,2,2,0,,,0,,,,5,5,11,5,0,,,,0,0,,0,,,,,,,1,0,,0,,,,,,,,,,5,5,0,,1,0,,0,2,2,,0,,,,,,,0,,,,,,,0,,,,,,,10,0,,,0,0,0,0,0,0,,,,,,,,4,5,,4,4,4,1,5,5,4,2,5,1,28,7,3,,,1,2,7,3,4,5,1,0,,,,,
4,7,8,4,0,5,0,,,5,5,5,5,4,,32,3,,1 3,,0,,,,,,5,1,1,1,3,3 9,0,,,,5,4,22,20,0,,,,0,0,,0,,,,,,,8,0,,0,,,,,,,,,,5,5,0,,0,,,,,,,0,,,,,,,0,,,,,,,0,,,,,,,6,0,,,0,0,0,0,0,0,,,,,,,,4,5,,4,4,5,2,4,5,2,1,4,2,32,9,2,2,1 2,4,7,8,4,4,5,1,0,,,,,
4,7,7,3,0,5,0,,,5,1,3,5,2 4,4,30,3,,3,,0,,,,,,5,3,2,0,,,0,,,,4,4,20,7,0,,,,1,0,,0,,,,,,,8,0,,1,3,,,,,,,,,3,5,1,4,0,,,,,,,0,,,,,,,0,,,,,,,0,,,,,,,1,0,,,0,0,0,0,0,0,,,,,,,,5,5,,2,4,4,1,2,2,4,2,2,1,42,6,3,,,4,7,7,3,4,5,1,0,,,,,
3,5,8,3,0,5,0,,,5,3,4,5,4,,85,3,,3 97,,0,,,,,,5,1,1,0,,,1,1,3,4 97,4,4,7,4,0,,,,0,0,,0,,,,,,,7,0,,0,,,,,,,,,,5,5,0,,0,,,,,,,0,,,,,,,0,,,,,,,0,,,,,,,5,0,,,0,0,0,0,0,0,,,,,,,,4,4,,4,4,4,4,4,4,2,4,4,2,85,8,2,1 2 4 97,1 2 5,3,5,8,3,3,5,1,0,,,,,
3,7,10,8,1,5,5,1,2,5,5,5,5,4,,38,3,,97,,0,,,,,,7,2,1,0,,,0,,,,5,5,21,7,0,,,,0,0,,0,,,,,,,8,0,,0,,,,,,,,,,5,5,0,,0,,,,,,,1,1,9,0,1,2,,0,,,,,,,0,,,,,,,9,0,,,0,0,0,0,0,0,,,,,,,,4,4,,4,2,4,2,5,5,3,1,4,1,38,4,2,4,5,3,7,10,8,5,7,3,0,,,,,
3,7,6,10,0,4,100,1,3,5,5,5,5,4,,200,3,,1 2 3,,0,,,,,,7,3,1,0,,,1,1,4,1 2,5,5,0,,0,,,,1,0,,0,,,,,,,97,0,,1,3 4,,,,,,,,,5,3,0,,1,1,2 3,0,1,4 5,4,0,,,,,,,0,,,,,,,1,1,15,0,1,1,,7,0,,,0,0,0,0,0,0,,,,,,,,4,4,,5,5,5,4,4,5,5,2,5,1,14,9,1,5 6 13,5,3,7,6,10,5,7,1,0,,,,,
3,7,10,7,1,4,5,1,2,5,5,5,5,4,,25,3,,97,,0,,,,,,7,3,1,1,2,1,0,,,,4,4,21,6,0,,,,1,0,,0,,,,,,,8,0,,0,,,,,,,,,,5,5,0,,0,,,,,,,0,,,,,,,0,,,,,,,0,,,,,,,10,0,,,0,0,0,0,0,0,,,,,,,,4,4,,4,1,5,4,4,5,4,1,4,1,24,7,2,4 13,5,3,7,10,7,5,7,5,0,,,,,
7,9,10,5,1,4,0,,,5,5,5,5,4,,40,3,,2,,0,,,,,,7,1,4,0,,,0,,,,3,4,11,6,0,,,,1,0,,0,,,,,,,8,0,,0,,,,,,,,,,4,5,0,,0,,,,,,,1,0,,0,1,3,,0,,,,,,,0,,,,,,,9,0,,,0,0,0,0,0,0,,,,,,,,4,4,,3,2,4,2,4,5,4,1,3,1,40,2,2,2 4,5,7,9,10,5,5,7,3,0,,,,,
6,8,8,7,1,3,8,1,2,5,5,5,5,4,,48,3,,97,,0,,,,,,7,2,2,0,,,0,,,,5,4,7,22,0,,,,1,0,,0,,,,,,,8,0,,0,,,,,,,,,,5,5,0,,1,1,15,0,1,1,,1,1,15,0,1,2,,1,1,1 2 15,0,1,1,,0,,,,,,,10,0,,,0,0,0,0,0,0,,,,,,,,2,2,,2,1,3,4,3,4,4,1,5,1,48,3,2,4,5,6,8,8,7,5,7,4,0,,,,,
5,7,8,5,97,4,10,2,0,5,5,5,2,8,,63,3,,1 3,,0,,,,,,5,1,1,1,4,1 2 3,0,,,,4,4,21,7,1,2,1 4,10,0,0,,0,,,,,,,8,0,,1,1 2 3 4,,,,,,,,,5,5,0,,0,,,,,,,0,,,,,,,0,,,,,,,0,,,,,,,8,0,,,0,0,0,0,0,0,,,,,,,,4,4,,4,4,4,4,4,4,4,4,4,2,51,9,2,97,1 2,5,7,8,5,5,5,1,0,,,,,
2,6,3,2,2 3,4,0,,,3,2,5,5,2 4,2,25,1,3,,1,0,1,1,2 3,2,4,2,1,2,1,3,3,1,1,3,3,5,4,4,7,1,6,4 10,5 7 8,1,1,4,0,,,,,3,,5,1,2,1,2 3 4 8,0,,,,,,,4,5,5,4,2,1,1,10,0,1,1,,0,,,,,,,1,1,10,0,1,1,,1,1,10,0,2,1,,10,1,12,2,0,0,0,0,0,0,,,,,,,,2,2,3,3,2,4,3,2,4,4,3,4,2,11,7,1,97,1 2,2,6,3,2,4,2,1,0,,,,,
3,6,2,3,3,3,2,1,2,5,5,5,5,2,,100,1,1 3,,1,0,1,1,2,2,4,3,1,2,1,3,1,1,5,3,3,5,4,7,21,1,6,3,2 7 8,1,1,4,1,23,3,4,1,0,1,8,0,,1,8,0,,,,,,,1 5,5,5,4 5,1,1,1,10,0,1,97,,1,1,10,0,1,97,,1,1,10,0,1,97,,1,1,10,0,1,97,,10,1,10,2,0,0,0,0,0,0,,,,,,,,2,1,3,5,2,4,2,2,2,4,3,4,2,10,3,2,97,1,3,6,2,3,3,3,1,1,1,,,,
3,7,2,3,2 3 4,4,0,,,5,5,5,5,2 4,2,10,1,3,,1,0,1 2,1,2,2,4,3,1,2,1,3,1 3,1,1 3 5,3,3,5,5,0,,1,2,4 5 6,11,1,1,4,1,23,2,4,1,0,1,8,0,,1,1 3 8,0,,,,,,,4,5,4,3 4,1,1,1,10,0,1,97,,1,1,10 12,0,1,2,,1,1,10 12,0,1,97,,1,1,10,1,2,1,,10,0,,,0,0,0,0,0,0,,,,,,,,3,3,3,4,1,4,1,3,2,3,2,4,2,8,2,4,,,3,7,2,3,5,3,1,1,1,,,,
3,3,4,3,1,5,0,,,5,2,1,2,4,,14,3,,3 97,,0,,,,,,3,1,5,0,,,1,1,3,1 9,4,4,3,1,1,2,9 10,11 97,1,1,,1,,4,4,1,97,1,8,0,,0,,0,,,,,,,0,4,2,0,,0,,,,,,,0,,,,,,,1,1,12,0,1,888,,0,,,,,,,10,0,,,0,0,0,0,0,0,,,,,,,,4,4,4,4,4,4,4,2,4,4,2,4,1,14,7,3,,,3,3,4,3,5,3,1,1,1,,,,
2,3,2,2,2,3,0,,,5,5,5,3,2 4,4,7,3,,3,,0,,,,,,2,3,2,0,,,1,5,5,3,5,4,7,6,1,2,7 10,10 11,1,1,,0,,,,,0,,8,1,5,1,1,97,,,,,,,0,5,4,5,2,0,,,,,,,1,0,,5,4,1 2,2,0,,,,,,,1,0,,0,1,1,,10,0,,,0,0,0,0,0,0,,,,,,,,2,2,4,4,4,2,2,1,2,4,2,4,2,10,3,5,,,2,3,2,2,5,2,1,0,,,,,
2,6,6,2,2,3,10,97,0,5,5,5,5,2 8,8,6,2,3,2,1,0,4,1,1 2 3 4 5,0,3,2,1,1,1,4,97,1,5,4,97,5,5,11,0,1,6,0,8 9,1,1,,0,,,,,0,,5,1,2,0,,0,,,,,,,0,3,2,0,,0,,,,,,,0,,,,,,,0,,,,,,,0,,,,,,,5,0,,,0,0,0,0,1,0,,,,,,,,2,2,2,1,5,1,1,2,2,5,4,4,2,27,6,2,4,5,2,6,6,2,5,2,1,0,,,,,
3,6,5,3,2,5,4,97,0,5,5,4,3,2,,36,1,3,,1,0,3,1,1 2 3,0,3,3,2,1,1,3,4,1,1 97,3,2 4,4,5,20,21,1,6,5,7 8,1,1,3,1,15,4,3 5,1,0,1,1,0,,1,3,97,,,,,,,0,5,4,2,2,0,,,,,,,0,,,,,,,0,,,,,,,0,,,,,,,1,0,,,0,0,0,0,0,0,,,,,,,,2,4,2,2,2,2,1,2,3,2,1,1,1,15,4,5,,,3,6,5,3,5,3,1,1,1,,,,
3,8,8,3,2,4,12,1,2,5,2,5,3,2,,28,1,1 3,,1,0,97,0,,2,3,6,2,1,0,,,0,,,,5,5,0,,0,,,,0,0,,0,,,,,,,1,0,,0,,,,,,,,,,5,4,0,,0,,,,,,,1,1,9,0,1,1 2,1,0,,,,,,,0,,,,,,,1,0,,,0,0,0,0,0,0,,,,,,,,5,4,,4,2,4,1,4,2,4,1,3,1,28,8,1,4 5 13,5,3,8,8,3,5,6,5,0,,,,,
5,6,8,5,1,3,0,,,5,5,5,3,2,,69,1,1,,2,0,1,1,2,0,3,4,1,1,0,,,1,2,1,1 2 6 7,4,4,11,6,0,,,,0,0,,0,,,,,,,1,0,,0,,,,,,,,,,5,5,0,,0,,,,,,,0,,,,,,,0,,,,,,,0,,,,,,,5,0,,,0,0,0,0,0,0,,,,,,,,5,2,,2,1,2,1,2,2,5,2,3,2,69,8,1,6 13,1 2 5,5,6,8,5,5,4,4,0,,,,,
3,5,6,3,2,3,4,3,2,5,4,4,4,2,,100,1,3,,1,0,4,0,,1,1,4,1,4,1,4,97,1,1,4,1 4 97,4,5,20,6,1,6,0,7 8,1,0,,0,,,,,,,7,0,,1,1 2,,,,,,,,,5,4,0,,0,,,,,,,0,,,,,,,0,,,,,,,0,,,,,,,10,0,,,0,0,0,0,0,0,,,,,,,,2,4,,2,3,4,2,4,4,3,1,2,,19,6,2,4,5,3,5,6,3,3,4,1,0,,,,,
4,6,7,6,0,5,0,,,5,5,5,1,4 8,8,53,3,,3 97,,0,,,,,,6,1,1,0,,,0,,,,3,4,20,4,0,,,,0,0,,0,,,,,,,6,0,,1,1 2 3,,,,,,,,,5,5,0,,0,,,,,,,0,,,,,,,0,,,,,,,0,,,,,,,1,0,,,0,0,0,0,0,0,,,,,,,,4,4,,4,4,4,4,4,4,4,4,4,2,70,9,1,6 13,2 5 97,4,6,7,6,4,6,1,0,,,,,
2,2,8,2,1,4,3,1,0,5,1,5,3,2,,88,1,3,,1,0,1,1,2 5,0,3,2,1,3,0,,,0,,,,5,5,2,11,1,2 3,0,2,0,0,,0,,,,,,,1,0,,0,,,,,,,,,,4,4,0,,0,,,,,,,0,,,,,,,0,,,,,,,0,,,,,,,3,0,,,0,0,0,0,0,0,,,,,,,,5,2,,3,2,4,2,2,4,4,1,3,2,88,7,2,2,2,2,2,8,2,5,2,5,0,,,,,
2,2,6,2,2,3,0,,,5,4,5,5,2 4,2,50,1,3,,1,0,4,1,1 2 3 4 5,2,3,2,2,1,1,4,10 97,0,,,,5,1,2,11,0,,,,0,0,,0,,,,,,,8,0,,0,,,,,,,,,,5,5,5,3,0,,,,,,,0,,,,,,,1,1,3,0,1,2,,0,,,,,,,10,0,,,0,0,0,0,0,0,,,,,,,,4,5,,4,4,2,2,4,3,4,2,4,2,26,7,4,,,2,2,6,2,4,2,1,0,,,,,
1,1,6,1,1,5,0,,,5,3,4,5,2 4,2,15,1,3,,3,0,1 4,1,2 4 5,0,3,1,1,1,0,,,1,4,4,1 10,3,3,3,7,1,2,5,11,1,0,,0,,,,,,,3,0,,0,,,,,,,,,,5,5,0,,0,,,,,,,0,,,,,,,0,,,,,,,0,,,,,,,10,0,,,0,0,0,0,1,1,,,,,,,,5,4,,4,3,2,4,4,4,4,4,5,2,20,6,2,1 2 4 5 13,5,1,1,6,1,5,1,1,0,,,,,
3,4,7,3,0,5,1,2,0,5,5,5,5,2 4,4,120,3,,3 97,1,0,4,0,,1,5,5,1,1,1,4,9,1,1,3,3 4,5,5,20,5,0,,,,0,0,,0,,,,,,,8,1,2,1,3,,,,,,,,,5,5,0,,0,,,,,,,0,,,,,,,0,,,,,,,0,,,,,,,10,0,,,0,0,0,0,0,0,,,,,,,,5,5,,4,4,4,4,4,4,4,2,4,2,14,7,2,97,2,3,4,7,3,3,5,1,0,,,,,
3,3,6,3,0,5,5,2,4,4,5,5,5,2 4,2,100,1,3,,1,0,4,1,2,1,4,3,2,4,1,4,1 2 3,1,1,3,3 9 97,5,5,20,7,0,,,,0,0,,0,,,,,,,7,0,,0,,,,,,,,,,5,5,0,,0,,,,,,,0,,,,,,,0,,,,,,,0,,,,,,,10,0,,,0,0,0,0,0,0,,,,,,,,4,4,,4,4,4,1,4,4,4,1,2,1,20,3,3,,,3,3,6,3,3,3,1,0,,,,,
3,3,10,2,2,1,0,,,5,3,5,5,4,,15,3,,2,,0,,,,,,5,1,1,0,,,0,,,,5,3,7,6,0,,,,0,0,,0,,,,,,,8,0,,0,,,,,,,,,,5,5,0,,0,,,,,,,1,1,9,0,1,3,,0,,,,,,,0,,,,,,,9,0,,,0,0,0,0,0,0,,,,,,,,4,4,,4,1,4,2,3,4,3,2,3,2,15,2,3,,,3,3,10,2,5,5,4,0,,,,,
2,5,10,4,1,4,5,1,2,5,5,5,5,4,,21,3,,97,,0,,,,,,4,1,2,0,,,0,,,,5,4,6,7,0,,,,0,0,,0,,,,,,,8,0,,0,,,,,,,,,,5,5,0,,1,0,,0,1,3,,1,1,9 15,0,1,1 2,2,1,1,15,0,1,3,,0,,,,,,,9,0,,,0,0,0,0,0,0,,,,,,,,5,4,,3,2,5,2,3,4,3,1,5,1,21,2,2,2,2,2,5,10,4,5,4,3,0,,,,,
1,5,4,9,0,5,50,5,2,5,5,5,1,4 8,8,53,3,,1 2 3,,0,,,,,,4,2,4,0,,,1,1,5,2,4,4,20,4,1,2,4 5,10,1,0,,0,,,,,,,8,1,3,1,1 2,,,,,,,,,4,4,0,,0,,,,,,,0,,,,,,,0,,,,,,,0,,,,,,,8,0,,,0,0,0,0,0,0,,,,,,,,4,4,,4,4,4,2,4,4,2,4,4,2,53,8,1,1 4,5,1,5,4,9,4,4,1,0,,,,,
4,5,5,4,0,5,0,,,5,5,5,5,2,,35,1,97,,1,0,2,0,,0,3,4,2,2,1,3,1 3,0,,,,5,4,1,3,0,,,,0,1,4,1,20,3,3 4 5,1,0,1,0,1,5,0,,0,,,,,,,0,5,4,2 5,1,1,1,10 11,0,2,3,,0,,,,,,,0,,,,,,,0,,,,,,,10,1,3,2,0,0,0,0,0,0,,,,,,,,1,1,1,1,4,5,4,5,1,1,1,5,2,30,7,2,1,1,4,5,5,4,5,4,5,1,1,,,,
3,8,3,3,4,3,0,,,5,5,5,5,2,,100,1,3,,1,0,1,0,,2,4,3,1,3,0,,,1,3,4,1 3,5,5,0,,0,,,,1,0,,0,,,,,,,7,0,,0,,,,,,,,,,5,4,0,,1,1,15,0,2,3,,1,1,10,0,2,97,,1,1,15,0,2,4,,0,,,,,,,1,0,,,0,0,0,0,0,0,,,,,,,,4,4,,4,4,4,1,4,4,3,4,4,2,11,6,5,,,3,8,3,3,3,3,1,0,,,,,
4,9,4,7,2 4,4,0,,,5,5,5,5,4,,30,3,,2,,0,,,,,,4,1,3,0,,,1,3,3,3 11,5,5,0,,1,6,6 9 10,8,1,0,,0,,,,,,,8,1,2,0,,,,,,,,,,5,5,5,1,1,0,,0,2,97,,1,1,10,0,2,2,,1,1,12,0,2,3,,1,1,15,0,1,1,,6,0,,,0,0,0,0,0,0,,,,,,,,4,2,,5,3,5,1,3,1,5,4,4,1,13,6,2,5 13,5,4,9,4,7,5,4,1,0,,,,,
3,8,3,3,4,4,3,1,2,5,3,5,5,2,,50,2,3,2,2,0,1 2,1,1 2,2,4,3,1,1,0,,,1,3,3,3,1,5,0,,1,6,3,7,0,0,,0,,,,,,,8,1,2,0,,,,,,,,,,5,4,0,,1,1,15,0,1,97,,1,1,10 12,0,2,97,,1,1,1 2,0,2,4,,1,1,3,0,3,1 2,1,10,0,,,0,0,0,0,0,0,,,,,,,,4,4,,5,2,4,2,3,3,5,2,4,2,14,7,4,,,3,8,3,3,4,3,2,0,,,,,
3,9,8,2,0,5,5,2,0,5,5,5,5,2,,100,2,2,3,1,0,4,1,2,2,4,3,1,1,1,3,3 4 97,0,,,,4,4,5,6,0,,,,0,0,,0,,,,,,,9,0,,1,1,,,,,,,,,4,5,0,,0,,,,,,,0,,,,,,,0,,,,,,,0,,,,,,,8,0,,,0,0,0,0,0,1,,,,,,,,4,4,,4,4,4,4,4,4,4,1,4,1,10,6,2,97,1,3,9,8,2,4,3,1,0,,,,,
2,11,6,2,0,5,0,,,5,5,5,5,2,,30,1,2,,1,1,4,1,2,2,4,2,1,1,1,3,1 2 3 4 8,1,4,5,2,5,4,6,21,0,,,,0,0,,0,,,,,,,8,0,,0,,,,,,,,,,5,5,0,,0,,,,,,,0,,,,,,,0,,,,,,,0,,,,,,,10,0,,,0,0,0,0,0,1,,,,,,,,4,4,,4,3,4,4,5,5,5,1,4,2,28,7,3,,,2,11,6,2,4,2,1,0,,,,,
3,8,7,3,3,4,0,,,5,5,5,5,2 4 7 8,2,100,1,3,,1,1,0,1,2 3 4 5,1,4,3,1,2,1,4,3 4,1,1,4,3,4,4,21,20,0,,,,0,0,,0,,,,,,,8,1,2,0,,,,,,,,,,5,5,0,,1,0,,0,1,2,,0,,,,,,,0,,,,,,,0,,,,,,,10,0,,,0,0,0,0,0,0,,,,,,,,5,5,,5,5,4,4,4,4,4,1,4,1,7,4,2,1 2,1,3,8,7,3,5,3,1,0,,,,,
4,7,5,4,1,5,3,1,2,5,3,5,5,4,,32,1,1,,,0,,,,,,5,1,1,0,,,0,,,,5,4,21,7,0,,,,0,0,,0,,,,,,,1,0,,0,,,,,,,,,,5,4,0,,0,,,,,,,1,1,1 12,0,1,1,,0,,,,,,,0,,,,,,,10,0,,,0,0,0,0,0,0,,,,,,,,5,4,,3,1,3,1,4,3,4,1,3,1,32,3,3,,,4,7,5,4,5,5,4,0,,,,,
5,8,5,5,1,3,5,1,4,5,3,5,5,2,,30,1,1,,1,0,0,0,,0,3,5,1,2,0,,,0,,,,5,5,21,6,0,,,,0,1,4,0,,,,,0,,8,0,,1,1 8,0,,,,,,,0,5,5,0,,1,1,15,0,1,1,,1,1,10,0,1,1,,1,1,2 9,0,1,2,,0,,,,,,,10,1,5,97,0,0,0,0,0,0,,,,,,,,4,4,4,3,2,4,4,4,4,2,2,2,2,30,4,3,,,5,8,5,5,4,5,4,0,,,,,
2,8,4,8,1,5,5,1,2,5,5,5,5,2,,35,1,3,,1,0,1,1,2,0,3,3,1,1,0,,,1,1,3,1,5,4,14,13,1,6,5 8 9,8,0,0,,0,,,,,,,8,0,,0,,,,,,,,,,5,4,0,,1,1,15,0,1,1 2,1,1,1,10,1,1,1,,0,,,,,,,0,,,,,,,10,0,,,0,0,0,0,0,0,,,,,,,,1,3,,3,1,4,2,4,4,2,1,1,2,29,5,2,2,1,2,8,4,8,4,3,3,0,,,,,
3,8,5,3,1,5,0,,,5,3,5,5,4,,17,3,,2,,0,,,,,,3,1,1,0,,,1,2,2,4,5,3,21,7,0,,,,0,0,,0,,,,,,,8,0,,0,,,,,,,,,,5,5,0,,1,1,15,0,1,1,,1,1,15,0,1,2,,1,1,15,0,1,2,,0,,,,,,,9,0,,,0,0,0,0,0,0,,,,,,,,4,4,,3,2,4,1,5,5,4,1,2,1,17,4,3,,,3,8,5,3,5,3,4,0,,,,,
2,8,5,7,1,5,0,,,5,5,5,5,2,,9,1,3,,1,0,1,1,2 3 4,0,3,5,2,2,0,,,0,,,,5,4,7,21,0,,,,0,0,,0,,,,,,,8,0,,0,,,,,,,,,,5,5,0,,0,,,,,,,0,,,,,,,0,,,,,,,0,,,,,,,10,0,,,0,0,0,0,0,0,,,,,,,,5,4,,3,1,4,2,4,4,4,1,2,1,9,3,3,,,2,8,5,7,3,5,3,0,,,,,
3,6,8,3,2,4,0,,,5,5,5,2,2,,21,1,3,,3,0,1,0,,0,3,3,2,1,0,,,0,,,,5,5,2,13,1,2,6,10,0,0,,1,97,,4,1,97,1,1,0,,1,3,,,,,,,,,5,5,1,4,0,,,,,,,0,,,,,,,0,,,,,,,0,,,,,,,6,0,,,0,0,0,0,0,0,,,,,,,,5,4,,4,3,4,1,4,4,2,1,1,2,21,9,4,,,3,6,8,3,5,3,5,1,1,,,,
5,5,3,7,0,5,15,2,1,5,5,5,5,8,,11,3,,1 3,,0,,,,,,5,3,2,0,,,0,,,,5,5,6,20,0,,,,0,0,,0,,,,,,,8,0,,0,,,,,,,,,,5,5,0,,0,,,,,,,0,,,,,,,0,,,,,,,0,,,,,,,1,0,,,0,0,0,0,0,0,,,,,,,,4,5,,4,4,4,1,4,4,4,2,4,1,11,5,4,,,5,5,3,7,5,5,1,0,,,,,
2,2,7,2,97,5,5,2,1,5,5,5,5,4,,40,3,,3,,0,,,,,,1,1,1,1,3,1 97,0,,,,3,4,11,20,0,,,,0,0,,0,,,,,,,8,0,,1,4,,,,,,,,,5,5,0,,0,,,,,,,0,,,,,,,0,,,,,,,0,,,,,,,10,0,,,0,0,0,0,0,0,,,,,,,,4,4,,4,4,4,2,4,4,2,2,2,1,28,9,1,4 6,1,2,2,7,2,4,1,1,0,,,,,
2,2,7,2,2,4,0,,,2,5,2,5,4,,30,3,,1,,0,,,,,,2,1,2,0,,,0,,,,5,4,2,0,1,2,3 5,10,0,0,,0,,,,,,,8,0,,0,,,,,,,,,,4,4,0,,0,,,,,,,0,,,,,,,0,,,,,,,0,,,,,,,10,0,,,0,0,0,0,0,0,,,,,,,,3,5,,3,2,4,2,3,2,3,1,5,2,30,3,3,,,2,2,7,2,5,2,5,0,,,,,
3,5,5,4,0,5,0,,,5,2,5,5,2,,35,1,1,,1,0,2,1,3,2,3,4,2,5,1,3,1 3,0,,,,5,5,0,,0,,,,1,1,4,1,20,5,1,1,0,1,1,0,,0,,0,,,,,,,3,4,4,5,2,1,1,15,0,1,2,,0,,,,,,,0,,,,,,,0,,,,,,,6,1,3,2,0,0,0,0,0,1,,,,,,,,1,1,1,5,5,4,5,2,2,5,4,4,1,6,5,3,,,3,5,5,4,3,4,4,1,1,,,,
3,6,5,3,2 3,4,0,,,5,5,5,5,2,,50,1,1,,1,1,1,1,2 4 5,2,2,3,1,1,1,2,3 4,0,,,,5,5,0,,1,6 7,5 9 10,5 7 8,1,1,4,0,,,,,0,,8,1,5,0,,0,,,,,,,4,5,5,1 4,1,1,1,10,0,1,2,,1,1,10 13,0,1,2,,1,1,10 12,0,1,2,,1,1,3 15,0,1,2,,10,0,,,0,0,0,0,0,0,,,,,,,,1,2,2,3,2,3,1,2,4,5,3,2,2,4,1,4,,,3,6,5,3,5,3,1,0,,,,,
3,6,5,3,2 4 7,4,0,,,5,2,5,5,2,,50,1,3,,5,1,1 2,1,2,2,3,3,1,2,1,2,1 3 4,1,3,3,4 97,5,5,0,,1,6,3 4 5,5 7 8,1,1,4,1,20,3,4,1,0,1,5,0,,0,,0,,,,,,,1 4,4,5,2 3 5,1,1,1,10,0,1,2,,1,1,10 12,0,2,1 2,2,1,1,2 3,0,1,4,,1,1,3 15,0,2,1 2,2,10,0,,,0,0,0,0,0,0,,,,,,,,1,1,2,5,2,4,2,2,5,5,4,2,2,30,7,2,1 5 6,1 5,3,6,5,3,5,3,1,1,1,,,,
2,5,5,1,2 3,4,0,,,5,4,5,5,2,,50,1,1,,3,0,1 2,1,2 5,2,4,2,1,3,1,4,3 4,0,,,,5,5,0,,1,6 7,3 5,2 7 8,1,1,4,0,,,,,0,,3,0,,0,,0,,,,,,,0,4,4,0,,1,1,3 10 15,0,2,2,,1,1,3 15,0,1,2,,1,1,2 3,0,1,2,,1,1,15,0,2,2,,10,0,,,0,0,0,0,0,0,,,,,,,,2,2,3,4,2,5,3,3,2,4,2,4,2,16,4,5,,,2,5,5,1,5,2,1,0,,,,,
3,3,5,3,2,4,0,,,5,5,5,5,2,,100,1,3,,1,0,1,1,2 3,2,4,3,1,3,1,4,4,1,3 4,3,1 4,5,3,7,6,1,6,4 5,7,1,1,4,1,20,3,1,1,0,1,7,1,5,1,3 8,97,,,,,,,1 4,4,4,1 4 5,2,1,1,10,0,1,2,,1,1,10,0,1,2,,1,1,10,0,2,1 2,2,1,1,10,0,1,2,,10,1,12,2,0,0,0,1,0,0,,,,luida mining,1,1,500000,1,1,2,4,4,3,4,4,2,3,4,3,2,17,7,2,97,1,3,3,5,3,4,3,1,1,1,,,,
4,5,5,4,2 3,3,5,1,0,5,4,5,5,2,,38,1,3,,3,2,1,1,2,1,5,4,1,1,1,2,1 3 4,1,3,2,1 4,4,4,3,0,1,6,5,5 7 8,1,1,4,1,97,3,1,1,0,0,7,1,8,1,3 8,0,,,,,,,4,4,5,1 4,1,1,1,12,0,1,2,,1,1,12,4,1,2,,1,1,12,0,1,2,,0,,,,,,,10,0,,,0,0,0,0,0,0,,,,,,,,2,2,3,5,2,5,1,2,2,5,4,1,2,19,8,1,97,1,4,5,5,4,2,4,1,1,0,,,,
3,5,5,3,2 3 7,3,10,1,0,5,3,5,5,2,,100,2,3,2,1,0,2,1,2,1,5,3,1,1,1,3,1 3 4,0,,,,5,3,21,20,1,6,5,7,1,1,4,1,20,3,4,1,0,0,5,0,,1,1 3 8,0,,,,,,,1 4,4,4,1 4,2,1,1,10 13,0,2,1 2,1,1,1,3 10,0,1,2,,1,1,3,1,2,2,,1,1,3 10,0,2,1 2,2,10,1,5 9,2 97,0,0,0,0,0,0,,,,,,,,1,1,1,4,2,5,4,2,1,4,4,4,2,16,8,1,6 9,1,3,5,5,3,3,3,1,1,0,,,,
3,5,5,3,1,5,2,1,2,5,5,5,5,2,,21,1,1,,1,0,2,1,2 3,2,4,3,2,5,1,3,1,0,,,,5,5,0,,0,,,,0,1,4,0,,,,,0,,1,0,,0,,0,,,,,,,0,4,2,0,,0,,,,,,,0,,,,,,,0,,,,,,,0,,,,,,,10,1,3,3,0,0,0,0,0,0,,,,,,,,1,1,5,5,5,5,1,1,5,5,5,5,2,7,2,3,,,3,5,5,3,3,3,1,0,,,,,
3,5,5,3,0,5,0,,,5,2,5,5,2,,40,1,97,,1,0,2,1,2 3,2,5,3,1,2,1,2,1 3,1,1,,888,5,5,21,0,0,,,,1,1,4,0,,,,,0,,9,0,,1,1 3 4 7,0,,,,,,,1 2,4,5,1 2 3,5,1,1,13 15,0,1,2 3,3,1,1,15,0,1,3,,1,1,12,0,1,2 3,3,0,,,,,,,9,1,97,2,0,0,0,0,0,1,,,,,,,,1,1,5,5,5,5,1,1,5,4,1,5,1,11,3,3,,,3,5,5,3,5,3,5,0,,,,,
2,5,5,1,1,5,0,,,5,5,5,5,2,,35,1,1,,1,0,2,1,3,0,3,2,1,5,0,,,0,,,,5,5,7,5,0,,,,1,1,4,0,,,,,0,,5,0,,0,,0,,,,,,,1,3,5,1 3,1,0,,,,,,,1,1,10,0,1,1,,0,,,,,,,0,,,,,,,5,0,,,0,0,0,0,0,1,,,,,,,,1,1,1,1,1,2,5,5,4,4,3,4,2,30,7,2,5 13,1,2,5,5,1,5,2,5,0,,,,,
2,5,5,2,2 4,5,0,,,5,5,5,5,2,,100,3,,3,4,0,2,1,2,2,4,2,1,2,0,,,1,3,3,4 97,5,4,20,0,0,,,,1,1,4,1,20,4,4,1,0,1,7,0,,0,,0,,,,,,,2 4,5,5,2 4 5,1,1,1,10 12,0,1,2,,1,1,10,0,1,2,,1,1,2 10,0,1,2 4,4,1,1,15,0,2,1,,10,0,,,0,0,0,0,0,0,,,,,,,,3,3,3,5,1,5,2,3,2,4,4,4,2,13,8,2,2,1,2,5,5,2,5,2,1,1,1,,,,
3,6,5,4,3,4,8.199999809,3,4,1,5,1,5,2,,200,1,3,,1,1,2,0,,0,3,4,2,2,1,2,1,1,2,2,1,4,3,1,11,1,5,1,3,0,0,,1,20,3,4,0,0,1,5,0,,0,,,,,,,,,,3,2,4,2,1,1,15,1,4,3,,1,1,13,2,1,5,,1,1,3,3,4,2,,1,1,10,2,2,3,,10,1,2,1,0,0,0,1,0,1,,,,ruida,1,1,4000,2,4,,2,4,5,2,2,4,4,4,4,2,18,3,1,3,5,3,6,5,4,4,4,3,1,1,,,,
2,2,4,2,2 4,4,1.299999952,1,2,5,1,3,5,2,,70,1,2 3,,3,0,1 2,1,2,2,4,2,1,1,1,2,1 3 4,1,1,3,3,5,4,21,7,1,3 6,1 5,5 7 8,1,1,4,1,21,3,2 3 4,1,0,1,8,1,1,0,,0,,,,,,,4 6,5,5,2 3,1,1,1,10 12,0,1,3,,1,1,3 10,0,2,1 2,1,1,1,12,0,1,2,,1,1,10,0,2,1,,10,1,2,2,0,0,0,0,0,0,,,,,,,,1,3,1,3,2,5,3,2,3,4,4,3,2,11,3,2,97,1,2,2,4,2,5,2,1,1,1,,,,
3,4,4,4,2,4,0,,,5,2,5,5,2,,40,1,3,,2,0,1,1,2 4,2,4,3,1,3,1,3,3 4,1,3,3,1 3,5,4,7,21,1,3,4,8,1,1,4,1,21,3,4,1,0,1,8,0,,0,,0,,,,,,,1 4 5,3,5,4,2,1,1,10,0,2,3,,1,1,10,0,1,2 4,4,1,1,1 2 10,0,1,4,,1,1,7 10,2,2,1,,10,1,2,2,0,0,0,0,0,0,,,,,,,,1,4,2,5,1,4,2,2,2,5,4,1,2,14,5,5,,,3,4,4,4,3,3,1,1,1,,,,
2,2,4,2,2 4 7,4,0,,,5,3,5,5,2,,90,1,1,,1,0,1 2,1,2 4,0,3,2,1,3,0,,,1,2 5,3,2 3 4 97,5,5,21,0,1,6 7,10,1 3 5,1,1,4,1,21,3,4,1,0,1,2,0,,0,,1 5 97,4,4,,,4,4,4 6,4,4,5 6,1,1,1,3 10,0,1,2,,1,1,15,0,2,1 2 4,2,1,1,2 3 10,0,1,4,,1,1,10,2,2,1 2,2,10,0,,,0,0,0,0,0,0,,,,,,,,1,1,2,5,2,4,4,2,4,5,5,2,2,43,9,2,1 5,1,2,2,4,2,3,2,1,1,1,4,,4,
2,2,4,2,2 3,4,0,,,5,5,5,5,2,,70,2,3,1,1,1,1,1,2 5,2,3,2,1,2,1,3,1 3 4,1,5,3,4,5,4,21,7,1,6,4,1 2 5 7 8,1,1,4,1,21,3,2,1,2 4,1,5,1,1,1,2 3 4 8,0,,,,,,,1 4,3,4,2,2,1,1,10,0,1,2,,1,1,15,0,1,4,,1,1,3 10,0,1,2 4,4,1,1,15,2,2,1,,10,0,,,0,0,0,0,0,0,,,,,,,,2,3,2,3,1,5,4,2,1,5,5,2,2,10,2,4,,,2,2,4,2,1,2,1,1,1,,,,
2,3,4,3,2 4 7,3,0,,,5,3,5,5,2 3,3,60,2,3,2,1,0,2,1,2 4 5,2,4,3,1,1,1,3,3 4,1,1 5,3,3 97,5,5,7,0,1,6,10,5 7 8,1,1,4,0,,,,,1 3,,5,1,1,0,,0,,,,,,,4 5,4,5,5 6,2,1,1,10,0,1,97,,1,1,10,0,1,2 4,4,1,1,10,0,1,97,,1,1,10 15,2,2,1 2,1,8,1,2,2,0,0,0,0,0,0,,,,,,,,2,3,2,4,2,5,4,4,4,4,4,3,2,9,3,2,97,1,2,3,4,3,3,3,1,0,,,,,
2,2,4,2,2,5,0,,,5,5,5,5,2,,9,1,1,,1,0,1,0,,0,1,2,1,1,1,2,1 2 97,1,5,2,1 2 97,5,5,2,11,1,3,0,2,1,1,4,1,21,3,1,1,0,1,5,0,,1,3 8,4 5,,,3,5,3,5,1 5,4,4,1,1,0,,,,,,,1,0,,0,1,97,,1,1,4,2,1,1,,1,1,4,2,1,1,,10,1,10,2,0,0,0,0,0,0,,,,,,,,2,1,1,2,2,5,5,2,5,2,1,5,1,9,1,2,97,1,2,2,4,2,5,2,3,1,1,,3,3,
2,2,4,2,2 3 7,5,0,,,5,5,3,5,2,,25,1,3,,1,0,4,0,,0,3,2,1,1,0,,,0,,,,5,5,0,,1,3,10,10 11,1,1,4,1,21,5,1,0,0,0,5,0,,0,,5,,,,,2,4,1 2 3 4 5 6,5,5,1 2 3 5,1,0,,,,,,,0,,,,,,,1,1,15,0,1,4,,0,,,,,,,10,1,10,1 2,0,0,0,0,0,0,,,,,,,,2,1,4,5,2,5,2,4,1,4,2,4,1,6,2,2,1,1,2,2,4,2,5,2,1,1,0,,,2,
2,5,4,5,2 3 4,4,0,,,5,4,5,5,2,,80,2,3,2,3,0,1,1,2,1,4,2,1,3,1,3,4,1,5,3,3 4,5,4,21,7,0,,,,1,1,4,1,21,3,4,0,3 4,1,8,1,1,0,,5,,,,,4,4,1 4 5,4,4,4 5,3,1,1,10,0,1,2,,1,1,10 12,0,1,2,,1,1,10 12,0,1,4,,1,1,10,0,2,1 2,2,8,1,2,2,0,0,0,0,0,0,,,,,,,,3,3,3,4,3,5,2,2,5,3,4,3,2,19,7,2,5,5,2,5,4,5,3,2,1,1,1,,,4,
3,4,3,4,4,4,0,,,5,5,5,5,2,,70,1,3,,1,0,1,0,,0,4,4,1,2,0,,,1,3,3,3,5,5,0,,0,,,,0,0,,0,,,,,,,3,0,,0,,,,,,,,,,5,5,0,,1,0,,0,2,97,,1,1,15,0,2,97,,1,1,10,0,2,4,,0,,,,,,,5,0,,,0,0,0,0,0,0,,,,,,,,4,4,,5,2,4,3,4,1,4,4,4,2,9,3,5,,,3,4,3,4,3,4,1,0,,,,,
2,3,4,3,7,5,0,,,5,5,5,5,2,,78,1,1 3,,1,1,2 97,1,3 4 5,2,4,3,1,1,1,2,1 3,1,5,1,1 4,5,5,21,20,1,3,0,5,1,1,4,1,22,3,1,0,0,0,5,1,5,1,3,4,,,2,4,,,0,4,4,1 4,1,1,1,12 14,1,1,2,,1,1,13 14,0,2,2,,1,1,13 14,0,1,2,,0,,,,,,,10,1,10,2,0,0,0,0,0,0,,,,,,,,1,1,4,2,4,5,4,1,1,4,5,5,2,12,3,2,1,1,2,3,4,3,5,3,4,1,0,,2,,
1,1,4,2,0,4,0,,,3,1,5,5,2,,20,1,1,,1,0,4,0,,0,3,2,1,4,0,,,1,5,2,1 3 4,5,5,0,,0,,,,1,1,4,1,21,3,1,1,0,1,1,0,,0,,4,,,2,5,,,1 5,4,5,1 5,1,0,,,,,,,0,,,,,,,0,,,,,,,0,,,,,,,10,1,3,2 3,0,0,0,0,0,0,,,,,,,,1,1,1,5,5,5,5,1,1,5,1,5,2,15,2,3,,,1,1,4,2,5,2,5,1,1,,2,,
3,3,4,3,2 4 7,4,0,,,5,5,5,5,2 3,2,60,1,3,,1,0,1,1,2,0,3,3,1,1,1,3,1 3 4,0,,,,5,4,7,0,1,6,5 6,8,1,1,4,1,21,3,3 4,1,1 3,1,8,0,,1,2 4 8,0,,,,,,,1 4,5,5,4,2,1,1,10,0,1,2,,1,1,10 12 13,0,1,2 4,4,1,1,2 10,0,1,97,,1,1,3 10,0,1,2,,10,0,,,0,0,0,0,0,0,,,,,,,,2,2,2,5,2,4,2,2,2,4,1,2,2,17,6,1,1,1,3,3,4,3,3,3,1,1,1,,,,
2,5,4,5,2,4,0,,,5,5,5,5,2,,60,1,1,,2,0,2,1,2 5,0,3,2,1,1,1,3,1 4,1,1,3,4,5,4,7,21,1,6,1,5 8,1,1,4,1,21,3,2 4,1,0,1,8,1,2,0,,1 5,4,4,,,4,4,1 4,3,5,3 4,2,1,1,10,0,1,2,,1,1,12,0,2,2,,1,1,10 12,2,2,2,,1,1,10,0,1,2,,10,1,1,2,0,0,0,0,0,0,,,,,,,,1,1,2,3,2,5,2,2,4,3,2,1,2,14,7,1,5 97,1 5,2,5,4,5,4,2,1,1,1,4,,4,
2,5,4,5,2,5,0,,,5,5,5,5,2,,78,1,1,,1,2,1,1,2 3 4,2,5,5,1,4,1,2,1 3 4,1,5,1,4,4,5,7,14,1,3,3 9,11,1,1,4,1,22,4,888,1,0,0,1,0,,0,,4,,,3,5,,,0,2,3,0,,1,1,3 10,0,1,4 97,4,1,1,3,0,1,1,,1,1,10 12,2,1,4,,1,1,3 15,0,1,2,,10,1,10 11,2,0,0,0,0,0,0,,,,,,,,5,4,2,5,4,5,5,1,1,1,4,5,2,18,2,2,1,1,2,5,4,5,5,5,4,1,0,,3,,
2,2,4,2,2 3,4,0,,,5,4,5,5,2,,100,1,3,,1,0,1 2,1,2,2,4,2,1,1,0,,,1,5,3,97,5,5,21,0,1,6,9 10,5 7 8,1,1,4,0,,,,,3,,8,1,1,0,,5,,,,,3,4,4,5,5,3,2,1,1,3 10 15,0,1,2,,1,1,10,0,1,4,,1,1,13,0,1,4,,1,1,7,0,2,1 2,2,10,0,,,0,0,0,0,0,0,,,,,,,,3,2,2,4,2,4,3,4,2,4,2,2,2,8,2,1,2,1,2,2,4,2,5,2,1,0,,,,3,
2,2,5,2,0,5,0,,,5,5,5,5,2,,34,1,1,,1,0,2,0,,0,3,2,1,4,0,,,0,,,,5,5,7,0,0,,,,1,1,4,1,21,3,3 4 6,1,0,1,5,0,,1,3,4 5,,,4,5,3,5,1 4,4,4,1 5,1,1,1,13,0,1,888,,1,1,13 15,0,1,97,,1,1,15,0,1,4,,1,1,15,0,1,97,,8,1,10,3,0,0,0,0,0,0,,,,,,,,1,1,2,5,5,1,5,1,1,4,1,5,2,6,3,3,,,2,2,5,2,2,2,4,1,1,,4,3,
2,5,5,5,1,5,0,,,5,5,5,5,2,,30,1,1 3,,1,1,2,0,,0,3,5,2,1,1,3,1,1,5,3,1 4,4,4,3,7,0,,,,1,1,4,1,22,4,1,1,0,1,5,0,,1,3 8,4,,,4,5,,,1 2 3,4,,1 5,1,1,1,12,0,1,888,,1,1,10,0,1,888,,1,1,10,0,1,888,,0,,,,,,,10,1,11,2,0,0,0,0,0,0,,,,,,,,2,2,1,4,5,5,2,1,2,4,5,2,1,22,4,3,,,2,5,5,5,5,5,4,1,1,,4,,
1,5,5,1,0,5,2,1,2,5,2,5,4,2,,45,1,1,,1,1,2,0,,0,3,2,1,3,0,,,0,,,,5,5,7,21,0,,,,1,1,4,1,21,5,2 4,1,0,1,1,0,,0,,4 5,,,2,4,2,4,1 5,5,3,1,1,0,,,,,,,1,1,15,0,1,3,,0,,,,,,,0,,,,,,,10,0,,,0,0,0,0,0,0,,,,,,,,1,1,2,2,4,1,2,2,1,2,1,5,1,33,8,2,1 2,1,1,5,5,1,4,2,4,1,1,,2,2,
4,4,4,4,3,4,4,1,2,5,5,5,5,2,,41,1,3,,1,0,4,1,2 3,2,4,4,1,4,0,,,0,,,,5,5,0,,1,3,5,1 2,1,1,4,1,21,4,1,0,0,0,2,0,,1,1 3 8,0,,,,,,,888,5,4,1 4 5,2,0,,,,,,,0,,,,,,,0,,,,,,,0,,,,,,,10,1,10,2,0,0,,,0,,,,,,,,,1,2,2,4,2,2,5,4,4,2,1,2,2,15,4,2,1,1,4,4,4,4,4,4,1,1,0,,,,
3,5,5,5,1,5,0,,,2,5,5,5,2,,23,1,1,,1,0,2,0,,0,3,4,3,4,0,,,0,,,,4,4,1,4,0,,,,1,1,4,1,21,3,1,1,0,1,1,0,,1,2 3,4 5,,,2,5,2,5,1 2 3 5,3,4,1 5 6,1,1,1,10,0,2,2,,1,1,10,0,2,2,,1,1,12 15,0,2,3,,1,1,15,0,2,2,,10,0,,,0,0,0,0,0,0,,,,,,,,1,1,1,2,4,5,5,1,5,1,1,5,2,6,2,3,,,3,5,5,5,1,4,3,1,1,,2,2,
2,4,4,4,3,4,0,,,5,5,5,5,2,,30,1,2 3,,2,0,1 2,1,2,0,3,4,1,1,1,2,1 3,1,1,2,3 4,5,4,7,20,1,6,6 9 10,11,1,1,4,1,21,2,1,1,0,1,8,0,,1,2 3 8,97,,,,,,,0,4,4,4,3,1,1,10,0,1,97,,1,1,10,0,1,97,,1,1,10 13,0,1,97,,1,1,3 10,0,1,2,,10,0,,,0,0,0,0,0,0,,,,,,,,5,5,2,4,3,4,1,4,3,4,5,4,2,18,2,1,97,1,2,4,4,4,4,4,1,1,1,,,,
2,2,4,2,7,5,0,,,5,5,5,5,2,,19,1,3,,1,0,2,1,3,2,3,2,1,4,0,,,0,,,,5,5,18,0,1,3 97,3 9,10 11,1,1,4,1,21,4,1,0,0,0,5,0,,0,,0,,,,,,,0,5,4,888,1,1,1,9 10,0,1,2 3,3,1,1,12 14,0,2,3,,1,1,12 14,0,1,2,,0,,,,,,,10,1,10,1,0,0,0,0,1,1,,,,,,,,1,2,3,4,5,2,5,3,1,5,4,3,2,6,5,2,1,1,2,2,4,2,5,2,5,1,0,,,,
3,3,4,3,3,4,2,3,4,5,5,5,5,2,,21,1,3,,1,0,1,1,2 3,0,3,3,1,4,0,,,0,,,,5,4,0,,1,2 3,0,10 11,1,1,4,1,21,4,1,0,0,0,2,0,,0,,5,,,,,3,4,5,4,5,5,2,1,1,10,0,1,888,,0,,,,,,,0,,,,,,,0,,,,,,,10,1,10,2,,,0,,,0,,,,,,,,2,1,2,1,2,3,2,4,2,4,4,2,2,6,2,2,1,1,3,3,4,3,3,3,1,1,0,,,3,
3,6,3,3,2 3 7,4,0,,,5,3,5,5,2,,32,1,3,,1,1,2,1,2 3 4,2,3,3,1,4,0,,,1,5,1,4,5,5,0,,1,1,5,1 2 5 8,1,1,4,1,23,4,1,0,0,0,5,0,,0,,0,,,,,,,1 2 3 5,5,4,1 5,1,1,1,10,0,1,3,,0,,,,,,,0,,,,,,,0,,,,,,,10,1,10,2,0,0,0,0,0,0,,,,,,,,2,2,4,4,2,5,2,3,4,5,3,4,1,16,5,2,1,1,3,6,3,3,2,3,1,1,0,,,,
3,5,2,3,2 3,4,0,,,5,2,5,5,2,,40,1,1 3,,1,0,1,1,2 3,2,4,3,1,3,0,,,1,1,3,3,5,4,4,7,1,6 7,10,2 5 8,1,1,4,0,,,,,4,,2,0,,0,,0,,,,,,,4,5,4,4,2,1,1,10,0,1,97,,1,1,10,0,1,97,,1,1,10,1,1,3,,1,1,10,3,2,1 2,2,10,0,,,0,0,0,0,0,0,,,,,,,,3,4,3,4,1,4,1,3,1,5,4,4,2,12,2,2,97,1 2,3,5,2,3,5,3,1,0,,,,,
2,6,3,2,3 7,2,0,,,5,5,5,5,2,,15,1,3,,1,0,2,0,,0,3,2,1,1,1,5,1,1,5,3,4,5,5,0,,0,,,,1,1,4,1,23,3,1,0,0,0,5,0,,0,,0,,,,,,,1,5,5,1,2,,,,,,,,,,,,,,,,,,,,,,,,,,,,,10,0,,,0,0,0,0,0,0,,,,,,,,2,2,4,4,1,5,3,,1,,,5,1,8,3,3,,,2,6,3,2,5,2,5,1,0,,,,
3,5,3,3,2,4,0,,,5,5,5,5,2,,70,1,3,,1,0,1,1,2,2,4,3,1,4,1,3,1 3,1,5,3,3,5,4,4,0,0,,,,1,1,4,0,,,,,0,,8,0,,0,,1,3,4,,,,,4 5,5,4,4 5,3,1,1,10,0,1,97,,1,1,10,0,1,1,,1,1,10,0,1,97,,1,1,10,0,1,97,,10,1,10,2,0,0,0,0,0,0,,,,,,,,3,3,3,4,1,4,2,4,2,3,5,5,2,10,8,1,97,1,3,5,3,3,1,3,1,0,,3,,,
2,7,2,2,2 4,4,0,,,5,5,5,5,2 4,2,30,1,3,,1,2,1,1,2 4,0,3,4,1,3,1,3,3,1,5,3,3,5,5,7,20,1,6,4 5,5,1,1,4,0,,,,,0,,5,0,,0,,5,,,,,2,4,1 4,5,4,5,3,1,1,10,0,2,2 3,3,1,1,10 12 13,0,2,97,,1,1,10,0,1,97,,1,1,3 7,0,1,2,,10,0,,,0,0,0,0,0,0,,,,,,,,4,5,3,5,2,4,2,4,2,4,4,3,2,6,2,5,,,2,7,2,2,1,4,1,0,,,,2,
3,8,3,3,2 4,4,1,1,2,5,5,5,5,2,,50,1,3,,1,0,1,1,2,2,5,3,1,1,1,3,3 4,1,1 5,3,3,5,5,3,20,1,6,5 9,2 5 8,1,1,4,1,22,3,4,1,0,1,8,0,,0,,0,,,,,,,1 4 5,4,5,1 4 5,2,1,1,10,0,2,1,,1,1,10,0,1,97,,1,1,10,0,1,97,,1,1,3,0,1,1 2,1,10,0,,,0,0,0,0,0,0,,,,,,,,4,2,4,,,3,1,4,3,2,3,3,2,20,5,2,97,1,3,8,3,3,4,3,1,1,1,,,,
3,8,3,3,2 4,3,0,,,5,5,5,5,2,,5,1,3,,1,0,2,1,2 3,1,5,3,1,3,1,2,1 3 4,0,,,,5,5,0,,1,6 7,4,2 5 8,1,1,4,0,,,,,3 5,,5,1,2,0,,0,,,,,,,4,5,4,5 6,2,1,1,10,0,2,1,,1,1,10,0,1,97,,1,1,12,0,1,97,,1,0,,0,3,1,,10,0,,,0,0,0,0,0,0,,,,,,,,3,4,3,5,1,5,1,4,3,4,5,3,2,6,2,5,,,3,8,3,3,4,3,1,0,,,,,
2,2,3,2,2 3 7,4,8,2,1,5,5,5,5,2,,21,,,,1,0,1,1,4,0,3,2,1,3,1,2,1,0,,,,5,5,7,0,0,,,,0,1,4,1,25,3,1,1,0,0,2,0,,1,1 8,4,,,2,5,,,5,3,3,1 3 5,2,1,1,3,0,1,1,,1,1,3,0,1,1,,1,1,3,0,1,1,,1,1,3,0,1,1,,8,0,,,0,0,0,0,0,0,,,,,,,,1,1,1,5,5,5,1,1,5,5,,4,1,6,5,1,1,1,2,2,3,2,4,2,1,1,0,,2,,
3,6,3,5,2,3,0,,,5,5,5,4,2,,21,1,1,,1,1,97,,,0,3,5,1,2,0,,,0,,,,4,4,6,0,0,,,,1,1,,0,,,,,3,,1,0,,0,,0,,,,,,,1 2 3 4 5,5,5,1 2 5,3,1,1,11,1,2,2 3,2,1,1,10,0,2,2,,1,1,3,0,2,2 4,4,0,,,,,,,8,0,,,0,0,0,0,0,0,,,,,,,,5,5,4,5,4,4,1,4,4,3,4,4,1,21,3,2,1 4 13,1 5,3,6,3,5,4,5,1,0,,,,,
5,8,3,5,2 3,4,5,4,3,5,5,5,5,4,,30,3,,3,,0,,,,,,5,2,2,0,,,0,,,,5,5,0,,0,,,,0,1,4,1,25,4,1,0,0,0,2,0,,0,,5,,,,,2,5,5,4,4,5,2,1,1,10,2,2,2 3,3,0,,,,,,,1,1,10,0,1,2 4,4,0,,,,,,,8,0,,,0,0,,0,,0,,,,,,,,1,2,2,2,2,2,2,2,2,2,,4,2,20,5,2,1,1,5,8,3,5,1,5,1,1,0,,,2,
1,1,3,1,2 7,4,0,,,5,5,5,5,2,,60,1,3,,2,0,1,1,2,2,4,1,1,3,0,,,1,1 5,3,3,5,4,20,0,1,6,5 9 10,5 7 8,1,1,4,1,22,3,2 4,1,0,1,8,0,,1,2 3 8,4,,,4,5,,,5,5,5,5,2,1,1,10,0,1,2,,1,1,10,0,1,97,,1,1,10,0,2,97,,1,1,15,0,1,1,,10,0,,,0,0,0,0,0,0,,,,,,,,2,2,4,4,2,4,2,2,2,4,3,4,2,40,9,1,97,1,1,1,3,1,2,1,1,1,1,,4,,
3,8,3,3,2 4,4,0,,,5,1,5,5,2,,40,2,1,2,1,0,1,1,2,2,4,3,1,1,0,,,1,3,3,3,5,4,20,7,1,6,9 10,5,1,1,4,0,,,,,0,,7,0,,0,,0,,,,,,,5,4,4,5,1,1,1,10,0,2,97,,1,1,10,0,2,2,,1,1,10 12,0,2,97,,1,0,,6,1,1 2,2,5,0,,,0,0,0,0,0,0,,,,,,,,2,2,4,5,4,4,2,2,1,5,1,3,2,10,3,5,,,3,8,3,3,1,3,1,0,,,,,
2,7,2,2,2,4,10,1,2,5,5,5,5,2,,40,1,3,,1,0,1 2,0,,0,3,2,1,2,1,3,1 3,1,5,,4,5,5,0,,0,,,,0,1,4,1,24,4,1,0,0,0,5,0,,1,1 3 4,4 5,,,4,5,2,5,1,3,4,1,1,0,,,,,,,0,,,,,,,1,1,12 14,0,1,888,,0,,,,,,,10,0,,,0,0,0,0,0,0,,,,,,,,2,1,1,4,5,5,1,1,2,5,1,1,2,21,8,2,1,1,2,7,2,2,4,2,2,1,0,,4,2,
1,3,4,3,2,1,10,1,2,5,5,5,5,2,,17,3,,3,1,3,1,1,2 5,0,3,3,1,3,1,3,1 4 10,1,1 5,3,1 4,5,5,0,,1,2 3 5,5 6 9 10,2 5,1,1,4,1,22,3,1,1,0,1,2,0,,1,7 8,4,,,3,5,,,3 4 5 6,2,4,3,1,0,,,,,,,1,1,3,0,1,2,,1,1,3,0,1,2,,1,1,3,0,2,2,,7,0,,,0,0,0,0,0,0,,,,,,,,1,1,1,5,5,5,1,4,5,5,1,4,1,16,3,1,1,1,1,3,4,3,2,3,2,1,1,,3,,
1,7,2,1,2 4 7,3,0,,,5,5,5,5,2,,100,1,1 3,,1,1,1,1,1 3,2,4,1,1,1,0,,,0,,,,5,4,4,7,1,6,5 9 10,5 7 8,1,1,4,1,22,2,4,1,0,1,5,0,,0,,0,,,,,,,1 4,5,5,4,2,1,1,10 15,0,2,97,,1,1,10,0,2,97,,1,1,12,0,2,97,,1,0,,0,1,1 2,2,10,0,,,0,0,0,0,0,0,,,,,,,,3,2,2,4,1,4,1,3,4,2,4,4,2,35,9,2,5,5,1,7,2,1,3,1,1,1,1,,,,
2,8,3,2,2 3,5,0,,,5,2,5,5,2,,25,1,1 3,,1,0,1,0,,2,4,2,1,1,1,3,3 4,1,1 5,3,3,5,4,20,4,1,6,5 9,5 8,1,1,4,1,22,3,4,0,1 2,1,8,0,,0,,0,,,,,,,1 4,4,4,4,3,1,1,10,0,2,3,,1,1,10,0,1,97,,1,1,10,0,1,97,,1,1,15,0,1,1 2,1,10,0,,,0,0,0,0,0,0,,,,,,,,4,4,4,4,2,4,2,3,3,5,4,4,2,8,2,5,,,2,8,3,2,4,2,1,1,1,,,,
2,8,3,2,2,5,1,1,2,5,5,5,5,2,,52,1,3,,1,0,2,1,2 3,2,4,2,1,2,0,,,0,,,,5,5,0,,0,,,,0,1,4,1,25,,888,0,0,0,1,0,,0,,0,,,,,,,0,4,5,1,1,0,,,,,,,1,0,,0,1,888,,1,1,10 12 14,0,1,888,,0,,,,,,,10,0,,,0,0,0,0,0,0,,,,,,,,5,5,4,4,4,2,4,1,2,4,1,4,2,12,6,2,1,1,2,8,3,2,4,2,1,1,0,,,,
1,1,2,1,2 4 7,3,0,,,5,5,5,5,2 4,2,50,1,3,,1,2,2,1,1 2 3,2,2,3,1,1,1,3,3,1,5,3,3,5,4,7,20,1,6 7,2 4 5,5,1,1,4,1,22,4,4,0,4,1,5,0,,0,,5,,,,,2,5,3 5,4,5,2 3 5,2,1,1,15,0,2,1 2,2,1,1,10 12,0,1,2 4,4,1,1,10,0,1,97,,1,1,3 7,0,2,1 2,1,8,0,,,0,0,0,0,0,0,,,,,,,,2,2,3,5,2,5,2,3,1,4,2,3,2,13,6,4,,,1,1,2,1,3,3,1,1,1,,,2,
5,7,2,7,2 4,4,10,2,1,5,5,5,5,8,,11,3,,3,,0,,,,,,5,1,2,1,3,1 3,0,,,,5,5,1,21,0,,,,1,1,4,1,24,4,4 5,0,0,0,3,0,,1,3 7 8,4 5,,,3,5,2,5,1 3,4,4,1 5,1,1,1,10,3,2,1,,0,,,,,,,1,1,10,0,2,888,,0,,,,,,,10,1,3,2,0,0,0,0,0,0,,,,,,,,1,1,1,4,4,4,4,1,4,4,1,5,1,11,4,4,,,5,7,2,7,2,5,2,1,0,,3,2,
2,4,2,4,2 3 4,4,0,,,5,5,5,5,2 4,2,60,2,3,2,1,2,1,1,2 3,2,4,4,1,2,1,3,3,0,,,,5,3,20,7,0,,,,1,1,4,1,22,3,4,0,3,1,2,0,,0,,5,,,,,2,4,4,5,3,5 6,2,1,1,10,0,1,2,,1,1,10 12,0,1,2,,1,1,10 12,0,1,97,,1,1,10,0,1,1,,10,0,,,0,0,0,0,0,0,,,,,,,,4,5,3,5,2,5,2,3,5,4,2,4,2,14,3,4,,,2,4,2,4,1,4,1,1,1,,,2,
5,5,3,5,2 3,4,0,,,5,5,5,5,4 8,4,12,3,,3,,0,,,,,,5,1,4,1,3,1 4,0,,,,5,5,20,21,0,,,,0,1,4,1,25,4,1,0,0,0,5,0,,1,4 5,4 5,,,4,5,2,5,4 5,4,5,1 4,1,1,1,10,0,2,97,,1,1,10 13 97,0,2,2,,1,1,97,0,2,97,,1,1,10 97,0,2,888,,10,0,,,0,,,0,0,1,,,,,,,,1,1,4,2,4,4,2,4,2,4,2,5,1,14,6,2,1,1,5,5,3,5,5,5,1,1,0,,4,2,
2,2,3,2,2 4,2,50,3,2,5,5,5,5,2,,15,3,,1,1,1,1,1,3,0,3,2,1,4,1,3,1 4 10,0,,,,5,5,11,21,0,,,,0,1,4,1,25,3,1,1,0,1,2,0,,1,1,97,,,,,,,5,3,3,5,2,1,1,3,0,1,2,,1,1,3,0,1,2,,1,1,3,0,1,2,,1,1,3,0,1,2,,3,0,,,0,0,0,0,0,1,,,,,,,,1,1,2,5,5,5,5,5,5,5,1,5,2,6,2,1,1 2,1,2,2,3,2,2,2,2,1,1,,,,
2,7,3,2,2,2,5,1,2,5,5,5,5,2,,17,,,,1,0,1,1,5,0,3,2,1,1,1,2,1 97,1,1,2,1 97,5,5,7,11,1,2 5,4,1 8,0,1,4,1,25,2,1,1,0,1,2,0,,0,,0,,,,,,,5,4,4,5,1,1,1,3,0,2,1,,1,1,3,0,1,1,,1,1,3,0,1,2,,1,1,3,0,1,4,,9,0,,,0,0,0,0,0,0,,,,,,,,1,1,1,4,5,5,2,4,5,5,3,4,1,9,3,1,1 97,1,2,7,3,2,2,2,1,1,1,,,,
2,8,3,3,2 7,4,0,,,5,5,5,5,2,,60,1,1 3,,2,0,1 2,1,2,2,4,3,1,1,1,2,1 3 4,0,,,,4,4,20,4,1,6 7,5,2 5 8,1,1,4,0,,,,,0,,8,0,,0,,0,,,,,,,4 5,5,5,1 3 4 5,1,1,1,10 15,0,1,1,,1,0,,0,2,97,,1,1,10,0,1,97,,1,0,,0,2,1 2,1,10,0,,,0,0,0,0,0,0,,,,,,,,2,2,3,2,4,4,4,2,2,2,2,4,2,22,9,4,,,2,8,3,3,2,3,1,0,,,,,
2,8,3,3,2 4,3,0,,,5,5,5,5,2 8,2,30,1,3,,2,0,2,1,2,2,4,3,1,1,1,3,3 4,1,3 5,3,3,5,4,20,0,1,6,4 9,2 5 7 8,1,1,4,0,,,,,2 4,,2,0,,0,,0,,,,,,,2 6,5,4,5 6,3,1,1,15,0,2,97,,1,1,10,0,2,97,,1,1,10 12,0,2,97,,1,1,15,0,1,1,,10,0,,,0,0,0,0,0,0,,,,,,,,5,5,5,5,1,4,2,4,2,3,1,4,2,9,2,5,,,2,8,3,3,2,3,1,0,,,,,
2,8,3,2,2,4,0,,,3,1,5,5,2,,70,1,3,,2,0,1 2,0,,2,4,2,1,2,0,,,1,1 5,3,3,5,3,20,0,1,6,3 5,5 7 8,1,1,4,1,22,3,3 4,1,2 4 5,1,8,0,,0,,0,,,,,,,1 4 5,5,5,3 5,3,1,1,10 15,0,2,97,,1,1,10 12,0,2,97,,1,1,10,0,2,3,,1,1,6 10,0,1,1 2,1,10,0,,,0,0,0,0,0,0,,,,,,,,2,2,3,4,2,4,1,3,2,5,5,4,2,23,9,1,97,1,2,8,3,2,2,2,1,1,1,,,,
3,6,2,3,2,2,20,2,1,5,5,5,5,4,,8,3,,1,,1,1,,,,,5,2,5,0,,,,,,,5,4,0,,1,5,4,6,1,1,4,1,24,,1,0,5,1,1,0,,0,,4 5,,,2,5,2,5,5,3,5,5,2,0,,,,,,,0,,,,,,,,,,,,,,0,,,,,,,7,0,,,0,0,0,0,0,0,,,,,,,,1,1,2,5,5,5,2,2,1,5,1,5,1,8,3,2,1,1,3,6,2,3,2,5,2,1,1,,2,2,
2,7,3,2,2 3,3,15,1,2,5,5,5,5,2,,15,1,3,,1,0,1,0,,0,3,2,1,2,1,2,1,0,,,,5,5,7,5,0,,,,0,1,4,1,25,2,1,1,0,1,2,0,,0,,0,,,,,,,3 6,,3,3 5,1,1,1,3,0,1,1,,1,1,3,0,2,1 2,2,1,1,3,0,2,2,,0,,,,,,,10,0,,,0,0,0,0,0,0,,,,,,,,1,1,2,5,5,5,5,2,5,4,2,1,1,7,3,1,1 15,1,2,7,3,2,3,2,1,1,1,,,,
2,2,2,2,3,3,151,1,2,5,5,5,5,2,,8,3,,3,1,0,1,1,1 4,0,3,2,1,1,1,3,1 4 10,1,1 5,3,1 4 10,5,5,7,21,1,5,4,5 6,0,1,4,1,25,3,1,1,0,0,2,0,,1,8,0,,,,,,,5,4,3,5,2,1,1,3,0,1,2,,1,1,3,0,1,2,,1,1,3,0,1,2,,1,1,3,0,1,2,,9,0,,,0,0,0,0,0,0,,,,,,,,1,1,2,5,5,4,5,2,5,5,1,2,1,8,2,2,97,1,2,2,2,2,2,2,2,1,0,,,,
5,8,3,5,3,3,1,3,4,5,5,5,5,8,,32,3,,2 3,,0,,,,,,5,2,4,0,,,0,,,,5,4,5,7,0,,,,0,,,,,,,,,,2,,,0,,,,,,,,,,5,5,5 6,2,0,,,,,,,0,,,,,,,0,,,,,,,0,,,,,,,10,0,,,,0,0,0,0,0,,,,,,,,5,5,,2,4,4,2,2,2,2,2,5,1,6,2,3,,,5,8,3,5,5,5,1,,,,,,
3,7,2,3,2 3,2,1,1,2,5,5,5,5,2 8,2,45,2,3,2,1,0,1,1,2,2,4,3,1,2,0,,,1,3,3,3,5,5,0,,1,6,3 6 9,7 8,1,1,4,0,,,,,1,,5,1,1,0,,0,,,,,,,1 6,5,3,3 5,3,1,1,15,0,1,3,,1,1,12,0,2,4,,1,1,10 12,0,2,4,,1,1,3,0,3,1 2,2,3,0,,,0,0,0,0,0,0,,,,,,,,4,4,4,5,2,4,2,4,1,5,2,5,2,15,4,2,5,5,3,7,2,3,4,3,1,0,,,,,
3,7,2,3,2 4,3,0,,,5,3,5,5,2 4,2,20,1,1,,1,2,1 2,1,2 3,0,3,4,1,4,1,3,3,1,3,3,1 3,5,4,7,20,1,6,2 5,2 5 8,1,1,4,0,,,,,3,,8,0,,0,,5,,,,,2,4,1 4,4,5,6,1,1,1,10,12,2,1 2,2,1,1,10,0,1,1,,1,1,10,0,1,97,,1,1,10,3,1,3,,10,0,,,0,0,0,0,0,0,,,,,,,,3,4,2,4,1,4,1,3,1,4,5,4,2,6,1,4,,,3,7,2,3,4,4,1,0,,,,2,
2,6,4,2,2 3,4,2,1,2,5,5,5,5,2,,35,1,3,,1,0,2 4,1,2 3,0,3,2,1,4,0,,,0,,,,5,5,0,,1,3,9,1 2 5,1,1,4,1,23,4,1,0,0,0,2,0,,0,,0,,,,,,,5,4,4,2 5,1,1,1,12 14,0,1,3,,0,,,,,,,1,1,12,2,2,1,,1,1,12,0,2,2,,10,1,10,2,,0,0,0,,0,,,,,,,,1,1,4,1,2,4,4,5,1,3,1,4,2,32,3,4,,,2,6,4,2,4,2,1,1,0,,,,
2,8,3,2,2 3 7,3,9,1,2,5,5,5,5,2,,17,1,3,,1,0,1,1,3 5,0,3,2,1,4,1,1,1,0,,,,5,4,7,0,1,3 5,4 6,2,0,1,4,1,25,3,1,1,0,0,2,0,,1,1 8,4,,,2,5,,,5,5,2,5,2,1,1,3,0,2,1,,1,1,3,0,1,1,,1,1,3,3,2,2,,1,1,3,0,1,2,,10,0,,,0,0,0,0,0,0,,,,,,,,1,1,5,5,5,5,5,2,4,2,2,5,2,10,3,1,1,1,2,8,3,2,5,2,1,1,0,,2,,
2,5,1,2,2 4,4,0,,,5,5,5,5,2 4,2,50,1,3,,1,1,1,0,,1,4,3,1,2,1,3,3 4,1,3 5,3,3 11,5,4,20,7,0,,,,1,1,4,1,22,3,3 4,1,0,1,8,0,,0,,0,,,,,,,1 4 6,5,5,4 5 6,2,1,1,10,0,1,97,,1,1,10,1,2,1,,1,1,10,0,1,2,,1,1,10,2,2,1,,10,0,,,0,0,0,0,0,0,,,,,,,,3,3,3,3,1,4,2,2,2,4,5,3,2,13,5,1,2,1 2,2,5,1,2,4,3,1,1,1,,,,
3,8,3,3,3 4,3,7,1,2,5,5,5,5,2,,100,2,1 3,97,1,0,2,1,2,0,3,3,1,2,1,3,1 4 6,1,1 3,3,1 6,4,5,7,6,0,,,,0,0,,1,97,5,4,1,3 5,1,2,0,,0,,,,,,,,,,5,5,1 2 5 6,4,1,0,,0,3,1,,1,0,,0,2,1 2,2,0,,,,,,,1,0,,0,1,2,,10,0,,,0,0,0,0,0,0,,,,,,,,4,5,,5,5,4,2,2,4,5,4,5,2,7,2,2,1,1,3,8,3,3,4,3,1,1,1,,,,
2,7,2,2,4,3,2,1,3,5,1,5,5,2 4,4,80,1,3,,1,1,1,1,2 3,2,4,3,1,1,1,3,3,0,,,,5,5,0,,0,,,,1,1,4,0,,,,,3,,8,1,8,0,,5,,,,,2,5,1 4,5,5,4,1,1,1,10,0,1,1,,1,1,12,0,2,97,,1,1,10 12,0,2,3,,1,1,10 15,0,3,1,,10,0,,,0,0,0,0,0,0,,,,,,,,3,3,3,4,4,4,5,3,2,5,5,3,2,9,2,4,,,2,7,2,2,4,3,1,0,,,,2,
4,7,2,4,2 4,3,0,,,5,5,5,5,2 3,2,35,1,1,,1,0,1,1,2,2,4,5,1,2,1,2,1,0,,,,5,3,20,7,1,6,3 9 10,8,1,1,4,0,,,,,3 5,,8,1,8,0,,5,,,,,2,3,1 6,5,4,5,3,1,1,10 15,0,2,2,,1,1,10,0,1,2,,1,1,10,0,2,4,,1,1,7,0,1,1 2,2,10,0,,,0,0,0,0,0,0,,,,,,,,4,5,5,3,4,4,2,5,1,2,2,3,2,9,2,4,,,4,7,2,4,1,5,1,0,,,,2,
2,2,3,2,2 3,3,15,1,2,5,5,5,5,2,,6,1,3,,1,1,1,0,,0,3,2,1,1,1,3,1 4 11,0,,,,4,5,7,5,0,,,,0,1,4,1,25,3,1,0,3,0,2,0,,1,2 5,0,,,,,,,5,4,4,888,2,1,1,3,0,1,2,,1,1,3,1,1,2,,1,1,3,2,1,2,,1,1,3,1,1,2,,9,0,,,0,0,0,0,0,0,,,,,,,,1,2,1,5,5,5,5,5,5,5,1,5,2,6,3,1,97,1,2,2,3,2,2,2,2,1,0,,,,
4,7,2,4,2 3,3,0,,,5,5,5,5,3,,15,3,,2,,0,,,,,,4,1,2,0,,,0,,,,5,4,20,0,1,6,9 10,5 8,1,1,4,0,,,,,0,,5,0,,0,,5,,,,,2,5,1 2 3,4,5,2 6,1,1,1,15,0,1,3,,1,1,10 12,0,2,97,,1,1,10 12,0,1,97,,1,1,15,0,2,1 2,2,7,0,,,0,0,0,0,0,0,,,,,,,,5,5,4,4,2,2,1,3,2,3,2,3,2,8,2,4,,,4,7,2,4,4,4,1,0,,,,2,
3,7,2,4,1,4,11,1,2,5,5,5,5,4,,38,3,,3,,0,,,,,,5,1,2,1,3,1 3,0,,,,5,5,0,,0,,,,0,1,4,1,24,4,1,0,0,0,5,0,,0,,4 5,,,4,5,2,5,1 4 5,5,5,1,1,0,,,,,,,1,1,12 14,0,1,888,,1,1,12 14,0,1,97,,0,,,,,,,10,0,,,0,0,0,0,0,0,,,,,,,,1,1,4,1,4,5,4,1,4,5,1,1,1,21,8,2,1,1,3,7,2,4,4,5,1,1,0,,4,2,
3,7,2,3,2,3,2,1,3,5,2,5,5,2 4,2,70,1,1,,1,1,1 2,1,2,1,5,4,1,2,0,,,1,1,3,3,5,4,20,0,1,6,4,5 7 8,1,1,4,1,22,3,1,1,5,0,8,0,,0,,5,,,,,2,5,2 6,5,4,5 6,2,1,1,10,0,1,2,,1,1,10,0,1,97,,1,1,10,0,1,2,,1,1,7 10,0,1,2,,10,0,,,0,0,0,0,0,0,,,,,,,,4,4,3,5,2,5,1,4,1,2,4,4,2,9,3,4,,,3,7,2,3,4,4,1,1,0,,,2,
3,3,2,3,2,5,120,3,2,5,5,5,5,2,,40,1,3,,2,0,1,0,,0,3,3,1,1,1,4,1 4,0,,,,5,5,0,,0,,,,,1,4,1,25,3,1,0,3,1,2,0,,1,5,4 5,,,1,5,,5,5,5,4,5,2,1,1,3,3,2,2,,1,1,3,2,2,2,,1,1,3,0,2,2,,1,1,3,2,2,2,,9,0,,,0,0,0,0,0,1,,,,,,,,2,2,1,5,5,2,3,1,2,5,5,5,1,8,2,1,1,1,3,3,2,3,2,3,5,1,1,,1,,
2,4,4,4,3,4,2,1,4,5,5,5,5,2,,28,1,3,,1,0,2 4,1,2 3,2,4,4,1,2,0,,,0,,,,5,5,0,,0,,,,0,1,4,1,21,4,1,0,0,0,2,,,0,,4,,,3,4,,,5 6,4,4,1 3 5,2,1,1,10,0,2,2,,1,1,10,0,1,888,,0,,,,,,,0,,,,,,,10,1,10,2,0,,0,,,,,,,,,,,1,4,4,1,1,3,4,4,2,2,2,4,2,10,3,2,1,1,2,4,4,4,3,4,1,1,0,,3,,
3,8,3,3,4,4,0,,,4,3,5,3,2 8,8,30,3,,1 2,1,1,1,1,2 3,2,5,2,1,1,1,3,1 3,1,1,5,3,5,5,0,,1,6,2 5,8,1,1,4,1,24,5,4,1,0,1,8,1,2,1,2 4 8,5,,,,,3,5,1 4,4,4,4,3,1,1,9,2,2,2,,1,1,10,0,2,97,,1,1,12,0,2,97,,1,1,3 6,0,2,1 2,1,8,0,,,0,0,0,0,0,0,,,,,,,,5,4,3,4,1,4,2,4,2,5,3,4,2,12,5,5,,,3,8,3,3,1,2,1,1,1,,,3,
2,7,2,2,2,2,5,1,2,5,5,5,5,2,,13,3,,3,1,0,1,1,4,0,3,2,1,5,1,3,1 4 97,0,,,,5,1,0,,1,3 5,4 6,2 5 8,0,1,4,1,25,3,1,1,0,1,5,1,5,1,5 8,0,,,,,,,5,4,3,5,2,1,1,3,0,1,2,,1,1,3,0,1,2,,1,1,3,0,2,2,,1,1,3,0,1,1,,9,0,,,0,0,0,0,0,0,,,,,,,,1,1,1,5,5,5,1,1,5,5,1,5,1,6,2,2,1 97,1,2,7,2,2,4,2,2,1,1,,,,
1,8,3,1,2,5,3,1,2,5,2,5,5,2,,55,1,3,,1,0,1 2 4,1,2,0,3,1,1,2,0,,,0,,,,5,5,20,0,1,3,9,7,1,1,4,1,25,4,1,0,0,0,12,0,,0,,0,,,,,,,1 2 3,4,4,888,2,1,1,3 5 15,0,2,888,,1,1,3 15,0,2,2,,1,1,3 6 15,0,2,2,,0,,,,,,,10,1,5,2,0,0,0,0,0,0,,,,,,,,4,4,5,2,1,4,2,4,1,4,2,5,2,29,7,4,,,1,8,3,1,3,1,1,1,0,,,,
4,7,2,4,0,5,3,1,2,5,5,5,5,2,,21,1,3,,1,1,2,1,2 3,2,4,5,2,2,1,3,1 3,1,5,2,97,4,5,20,22,1,3,6 9 10,8 10 11,1,1,4,1,24,4,1,0,0,0,5,0,,1,3 7 8,4 5,,,4,5,2,5,1 2 3 4 6,4,4,1,1,1,1,10 15,0,2,1 2,1,0,,,,,,,1,1,14,0,2,4 5,5,0,,,,,,,8,1,3 10,2,0,0,0,0,0,0,,,,,,,,1,1,1,4,1,4,4,2,1,1,5,4,1,12,3,4,,,4,7,2,4,2,5,3,1,0,,4,2,
3,7,2,3,3 7,5,2,3,4,5,3,5,5,4,,20,3,,2 3,,0,,,,,,5,2,2,1,3,1 3,0,,,,5,5,0,,0,,,,0,1,4,1,25,4,1,0,0,0,8,0,,0,,4 5,,,4,5,2,5,1 2 4,5,4,5 6,4,1,1,10,0,1,888,,0,,,,,,,0,,,,,,,0,,,,,,,10,0,,,,0,,0,0,0,,,,,,,,2,2,4,2,3,4,1,5,1,5,1,5,2,12,5,2,1,1,3,7,2,3,5,5,1,1,0,,4,2,
5,7,2,3,2,2,100,3,2,5,5,5,5,2,,20,3,,3,4,2,1,1,3,0,3,5,2,3,1,4,1 12,1,1 5,4,1 12,4,4,7,21,0,,,,0,1,4,1,25,3,1,0,3,0,1,0,,1,5,4 5,,,2,5,2,5,5,4,4,5,2,1,1,3,0,1,2,,1,1,3,1,1,2,,1,1,3,3,2,2,,1,1,3,2,2,2,,9,0,,,0,0,0,0,0,1,,,,,,,,1,1,1,5,5,5,2,2,5,5,1,5,2,13,9,1,1,1,5,7,2,3,2,5,2,1,0,,2,2,
3,7,2,3,2,5,0,,,5,1,5,5,2 4,2,30,2,1 3,2,1,0,1,0,,2,2,4,1,2,0,,,0,,,,5,1,20,0,0,,,,1,1,4,0,,,,,5,,5,0,,1,2 3 8,0,,,,,,,4 5,5,3,4 5,2,0,,,,,,,1,1,10,0,1,2,,1,1,10,0,1,97,,1,1,10,0,1,2 3,3,2,0,,,0,0,0,0,0,0,,,,,,,,1,2,1,4,5,5,1,3,1,4,5,2,2,1,1,5,,,3,7,2,3,5,4,1,0,,,,,
3,3,2,3,2,4,0,,,2,5,3,5,2,,80,1,1,,2,0,2,1,2,0,3,3,1,1,1,3,3 4,1,3,3,3 4,4,4,3,0,1,6,9,7,1,1,5,1,28,3,4,1,0,1,2,0,,1,1 2 8,0,,,,,,,1 4,4,4,1 4,2,1,1,4 12,1,1,1,,1,1,12,1,1,1,,1,1,12,0,1,1 4,4,1,1,10,0,1,1,,10,0,,,0,0,0,0,0,0,,,,,,,,2,4,2,4,4,4,2,2,4,4,2,4,1,11,1,5,,,3,3,2,3,1,3,1,1,1,,,,
2,2,2,2,4,4,10,1,2,5,4,5,5,2,,200,1,3,,1,0,2,1,2,0,3,2,1,2,1,2,1 3 4,0,,,,4,4,21,20,1,7,5,2,1,1,5,1,28,2,3 4,1,0,1,2,0,,1,1 2 8,5,,,,,2,5,0,5,5,4 5,2,1,1,10,0,1,2,,1,1,10,0,1,2,,1,1,10 12,0,1,4,,1,1,10,0,1,2,,10,0,,,0,0,0,0,0,0,,,,,,,,2,2,3,2,2,4,1,3,3,4,4,4,2,21,5,5,,,2,2,2,2,4,2,1,1,1,,,2,
2,4,4,11,2,3,0,,,5,5,5,5,2,,20,3,,1,1,0,4,1,2,0,4,2,1,4,0,,,1,1,5,2,5,5,7,5,1,2,0,1,1,0,,0,,,,,,,1,0,,0,,,,,,,,,,2,3,1,2,1,1,3 12,2,2,1 2,1,1,1,1 2,5,2,1 2,1,1,1,1 2 3,10,2,1 2,1,1,1,1 2 3,15,2,1 2,1,10,1,1,1,0,0,0,0,0,0,,,,,,,,2,2,,5,2,4,4,2,4,4,4,5,1,6,2,4,,,2,4,4,11,5,2,4,0,,,,,
2,9,10,2,2,4,8,2,3,4,3,4,5,8,,50,3,,2,,2,1,1,2,,,2,1,2,1,2,3 97,1,1,3,3 4,5,4,7,21,1,3 6,9 10,1 2 5 7 8,1,1,5,1,30,3,4,1,0,1,1,0,,1,2 3 8,4,,,4,5,,,5,2,2,1 5,1,1,1,10 12 13,0,1,2 4,4,1,1,10 13 15,0,1,2 4,4,1,1,10 12 13,0,2,2 4,4,1,1,15,3,2,1,,10,0,,,0,0,0,0,0,0,,,,,,,,2,3,3,4,1,1,3,3,1,2,1,1,2,12,3,4,,,2,9,10,2,5,2,1,1,1,,4,,
3,7,3,7,2,3,100,1,3,4,5,5,5,4,,50,3,,3,,1,3,1,2 5,,,3,1,1,0,,,1,1,3,4 11 97,5,3,22,14,1,6,0,2 8,1,1,5,1,29,3,1,1,0,0,8,0,,0,,4 5,,,3,4,2,5,5,5,5,4 5,5,1,1,1 2,0,1,2,,1,0,,0,1,2,,1,1,1 2,0,1,2,,0,,,,,,,10,0,,,0,0,0,0,0,0,,,,,,,,4,5,3,5,1,4,1,5,2,3,3,5,2,50,9,1,1 5 11 13 14,4 5 6,3,7,3,7,5,3,1,1,0,,3,2,
2,6,3,2,2,3,5,1,97,5,5,5,5,2,,35,1,2,,1,0,1,1,1 2,1,1,2,2,2,1,3,1 4 11,1,4 5,3,1 4 11,5,1,7,14,1,2 5,4 6,97,1,1,4,1,23,3,1,1,0,0,5,1,2,1,4,0,,,,,,,0,4,3,3 5,2,1,1,3,1,1,2,,0,,,,,,,1,1,3,2,1,2,,1,1,3,1,1,2,,8,1,3,2 3,0,0,0,0,0,1,,,,,,,,1,1,4,5,5,5,2,3,5,5,1,4,1,35,2,2,1,1,2,6,3,2,4,2,3,1,0,,,,
3,6,3,3,3,4,2,1,2,5,2,5,5,2,,30,1,3,,1,0,2,1,3,2,4,3,1,4,0,,,1,5,3,1,5,5,0,,1,3,5 10,10 11,1,1,4,1,23,4,1,1,0,1,5,0,,0,,0,,,,,,,888,4,4,1,1,1,1,10,0,1,888,,1,1,10 13,0,1,888,,1,1,10 12,0,1,888,,0,,,,,,,10,1,10,2,0,0,0,0,0,0,,,,,,,,1,1,4,4,4,5,5,2,2,3,5,5,1,12,3,2,1,1,3,6,3,3,1,3,1,1,1,,,,
2,6,2,2,3,2,12,3,1,5,5,5,5,2,,120,1,1,,2,0,1,1,3,0,1,2,1,2,1,3,1 4 11,1,5,3,1 4 11,4,4,0,,1,2 5,4 6 9 10,5 8,1,0,,0,,,,,,,2,0,,0,,,,,,,,,,2,2,0,,1,1,3,0,4,1,,1,1,10 12,1,1,2,,1,1,3,2,1,2,,1,1,3,2,1,2,,8,0,,,0,0,0,0,0,1,,,,,,,,1,1,,5,5,5,4,4,5,2,1,4,1,35,9,1,1,1,2,6,2,2,3,2,2,0,,,,,
2,2,3,2,1,5,0,,,5,5,5,5,2,,40,1,1,,1,0,2,0,,2,5,2,1,4,0,,,0,,,,4,4,3,0,0,,,,1,1,5,0,,,,,0,,1,0,,0,,0,,,,,,,0,4,5,5 6,4,0,,,,,,,0,,,,,,,0,,,,,,,0,,,,,,,10,0,,,0,0,0,0,0,0,,,,,,,,2,4,4,3,4,5,4,5,4,4,1,5,1,22,7,2,2,1,2,2,3,2,5,2,3,0,,,,,
3,4,3,4,3,4,5,1,2,5,5,5,5,2,,22,1,1,,1,0,2,0,,0,3,4,1,1,1,2,1 3 4 6,1,1,3,1,5,5,1,0,0,,,,0,1,4,,,,,,888,,5,0,,1,4 97,97,,,,,,,0,5,4,0,,1,1,11,0,2,3,,0,,,,,,,1,1,12,0,2,3,,0,,,,,,,10,0,,,0,0,0,0,0,1,,,,,,,,1,5,2,2,3,1,5,1,1,5,5,,1,22,7,2,5 14,1 5,3,4,3,4,5,4,4,,,,,,
2,2,2,2,2,4,0,,,5,4,5,5,2,,100,2,3,2,2,2,1 2,1,2,0,3,3,1,1,1,3,3 4,1,3,3,3 4,2,5,20,7,1,6,4 5,7,1,1,5,0,,,,,5,,1,0,,0,,5,,,,,1,5,0,5,3,5,2,0,,,,,,,0,,,,,,,1,1,15,0,1,4 5,4,1,0,,0,1,1 2,2,10,0,,,0,0,0,0,0,0,,,,,,,,2,4,2,2,1,5,1,4,1,3,4,4,2,10,3,2,97,1,2,2,2,2,3,3,1,0,,,,1,
2,3,2,2,1,5,0,,,5,5,5,5,2,,25,1,1,,1,0,2,1,2,0,3,2,1,4,1,2,1 3,0,,,,5,5,11,21,1,3,0,8,0,1,4,,,,,,888,,1,0,,0,,0,,,,,,,0,4,2,1 5,4,0,,,,,,,0,,,,,,,1,1,10,0,4,3,,0,,,,,,,5,0,,,0,0,0,0,0,1,,,,,,,,1,1,,,4,5,1,5,4,5,5,5,2,17,5,2,1,1,2,3,2,2,2,2,4,,,,,,
2,2,2,2,4,5,0,,,5,5,5,5,2,,150,3,,2 3,3,0,1,1,2 3,1,2,2,1,2,1,3,97,0,,,,4,5,7,21,1,6,5,7 8,1,1,5,1,28,3,4,1,0,0,2,1,8,0,,5,,,,,2,5,0,5,5,1 5,2,1,1,10,0,1,2,,1,1,10 12 13,1,1,2,,1,1,1 2 10,0,1,2 4,4,1,1,10,0,1,2,,10,0,,,0,0,0,0,0,0,,,,,,,,2,2,5,3,1,5,2,2,1,4,5,4,2,10,6,4,,,2,2,2,2,1,2,1,1,0,,,2,
2,4,3,4,1,5,0,,,5,5,5,5,2,,35,1,1,,1,0,2,0,,2,4,4,2,1,1,2,1 4,1,1,2,4,5,5,0,,1,6,3,8,,1,4,0,,,,,0,,8,,,0,,0,,,,,,,0,3,2,0,,0,,,,,,,0,,,,,,,0,,,,,,,0,,,,,,,8,1,1,3,0,0,0,0,0,0,,,,,,,,5,5,,1,1,5,4,5,5,5,5,5,2,35,6,1,5 13,5,2,4,3,4,3,4,5,0,,,,,
5,8,3,5,1,5,0,,,4,5,5,4,4,,15,2,3,3,,0,,,,,,5,1,1,0,,,0,,,,5,5,0,,0,,,,0,1,5,0,,,,,0,,8,0,,0,,0,,,,,,,0,5,5,0,,0,,,,,,,0,,,,,,,0,,,,,,,0,,,,,,,10,0,,,0,0,0,0,0,0,,,,,,,,1,2,4,2,2,2,2,4,1,1,2,2,2,15,7,1,14,4,5,8,3,5,5,5,5,0,,,,,
2,7,2,7,2,4,1,4,,5,5,5,5,4,,30,1,3,,,0,,,,,,6,2,3,1,2,1 3 6,1,1,1,888,5,5,11,5,0,,,,0,0,,0,,,,,,,2,0,,0,,,,,,,,,,,,0,,0,,,,,,,0,,,,,,,0,,,,,,,0,,,,,,,10,1,5,3,0,0,0,0,0,0,,,,,,,,5,5,,5,5,4,1,5,5,4,,5,2,30,7,2,5 14,4 5,2,7,2,7,5,6,5,0,,,,,
3,9,2,7,4,1,12,2,1,5,5,5,5,8,,20,3,,1,,1,5,1,2 3 5,,,3,1,5,0,,,0,,,,5,5,0,,1,6,6,8,0,1,97,1,97,4,1,1,0,1,3,0,,1,8,0,,,,,,,2 5,5,5,5,2,0,,,,,,,1,1,10,0,1,1 2,2,1,1,1 2,0,1,2,,0,,,,,,,1,0,,,0,0,0,0,0,0,,,,,,,,5,5,3,4,5,5,1,5,3,4,2,1,2,12,4,2,4,1 3 4 6,3,9,2,7,5,3,1,1,1,,,,
4,8,3,4,2,4,20,2,1,5,4,3,3,4,,194,2,3,3,,0,,,,,,4,1,5,1,3,1 3,1,1,1,4,5,5,17,5,1,3,0,7,1,1,,1,,5,1,,888,,1,1,1,1,3 4,0,,,,,,,0,3,4,0,,1,1,10,0,1,888,,0,,,,,,,1,1,10,0,1,1,,1,1,3 12,0,1,1,,1,0,,,0,0,0,0,0,0,,,,,,,,,5,,4,3,5,,5,5,5,1,5,2,13,9,1,5 14,4 5,4,8,3,4,4,4,5,1,,,,,
3,8,2,7,2,4,20,2,1,5,5,4,4,4,,205,3,,1,,0,,,,,,3,1,2,1,2,1 3 4,1,5,2,1 2 11,4,5,0,,0,,,,0,0,,0,,,,,,,1,0,,0,,,,,,,,,,3,5,0,,1,1,3,0,1,2,,1,1,12,0,1,2,,0,,,,,,,1,1,15,0,1,1,,10,0,,,0,0,0,0,0,0,,,,,,,,3,5,,3,1,5,1,5,5,3,4,4,1,46,9,1,5 14,4 5,3,8,2,7,5,3,1,0,,,,,
2,9,3,8,2,4,0,,,4,1,5,4,4,,30,3,,2 3,,0,,,,,,4,1,1,1,2,1 3 4,1,3,3,1 2 3 4,5,5,0,,0,,,,0,0,,0,,,,,,,1,0,,1,2,,,,,,,,,4,5,0,,1,1,10,0,1,97,,0,,,,,,,1,1,15,0,1,97,,1,1,6,0,1,97,,10,0,,,0,0,0,0,0,0,,,,,,,,5,5,,5,2,3,1,5,4,3,1,5,1,30,9,1,5 13 14,4 5,2,9,3,8,5,4,1,0,,,,,
1,7,2,7,2 4,4,0,,,5,1,5,5,4,,12,1,3,,,0,,,,,,4,2,1,1,3,1 3 97,1,1,2,1 3,5,5,0,,0,,,,1,1,5,1,97,4,1,1,0,1,,,,0,,0,,,,,,,0,,4,0,,1,1,12,0,1,1,,,,,,,,,1,1,10 12,0,1,888,,1,1,3,0,1,888,,10,1,7,3,0,0,0,0,0,0,,,,,,,,,,,,4,,1,2,4,4,,4,1,12,3,2,14,3,1,7,2,7,5,4,5,1,1,,,,
5,8,2,7,2 4,5,0,,,3,5,5,5,4,,100,3,,1 3,,0,,,,,,3,1,3,0,,,0,,,,5,5,0,,0,,,,0,0,,0,,,,,,,3,0,,0,,,,,,,,,,5,5,0,,1,0,,0,1,2,,1,1,3,0,2,1 2,2,1,1,10,0,1,2,,1,0,,0,1,2,,10,0,,,0,0,0,0,0,0,,,,,,,,5,5,,3,2,4,5,5,3,3,3,4,1,20,9,3,,,5,8,2,7,5,3,1,0,,,,,
3,8,3,8,1,5,0,,,5,4,5,5,4,,25,2,1,3,,0,,,,,,5,2,2,1,3,1 3,0,,,,5,5,2,5,0,,,,0,0,,0,,,,,,,1,0,,0,,,,,,,,,,5,5,0,,0,,,,,,,0,,,,,,,0,,,,,,,0,,,,,,,2,1,6 7,3,0,0,0,0,0,0,,,,,,,,5,5,,,5,1,,,,,5,5,2,25,7,2,14,4,3,8,3,8,5,5,1,0,,,,,
2,7,2,7,2,3,0,,,5,5,5,5,4,,32,2,2,3,,0,,,,,,2,1,5,0,,,1,1,4,1,5,5,0,,0,,,,0,0,,0,,,,,,,1,0,,0,,,,,,,,,,,,888,,0,,,,,,,0,,,,,,,0,,,,,,,1,1,4 8,0,1,888,,10,0,,,0,0,0,0,0,0,,,,,,,,3,3,,,,,4,3,5,5,,,1,32,7,1,14,4,2,7,2,7,5,2,5,0,,,,,
2,7,2,4,2 4,3,0,,,5,5,5,5,2,,20,1,3,,1,0,1,0,,2,4,5,2,3,1,3,1 3,1,1,3,3 11,5,3,21,14,1,2,4 9 10,10,1,1,4,0,,,,,0,,8,0,,0,,0,,,,,,,3 4 5,5,4,5,3,0,,,,,,,1,1,10,0,2,97,,1,1,10 12,0,2,2,,1,1,10,2,1,1 2,1,10,0,,,0,0,0,0,0,0,,,,,,,,2,3,3,4,1,4,1,3,2,4,2,4,2,7,2,5,,,2,7,2,4,2,5,1,0,,,,,
1,8,3,2,2,1,12,1,2,5,5,5,5,2 6,6,20,3,,1,1,0,1,1,97,1,1,4,2,1,1,2,1,1,1,2,1,5,4,0,,0,,,,0,1,4,1,25,5,1,1,0,0,2,0,,0,,5,,,,,2,5,5,5,3,5,1,1,1,3,0,1,2,,1,1,3,0,1,2,,1,1,3,0,1,2,,1,1,3,0,1,2,,8,0,,,0,0,0,0,0,0,,,,,,,,4,2,5,5,5,5,5,5,5,5,1,5,1,20,3,1,1,1,1,8,3,2,1,4,1,1,0,,,2,
2,6,1,2,2,1,13,1,2,5,5,5,5,3 4,3,90,2,3 97,1 97,,0,,,,,,2,1,2,0,,,1,1,5,4,5,5,0,,0,,,,1,1,,0,,,,,888,,5,0,,0,,0,,,,,,,0,4,3,1,3,0,,,,,,,0,,,,,,,0,,,,,,,1,1,15,0,1,2,,10,0,,,0,0,0,0,0,0,,,,,,,,5,5,5,5,5,4,1,4,5,5,2,5,2,7,2,3,,,2,6,1,2,4,2,1,0,,,,,
3,6,1,4,4,1,0,,,5,5,5,5,3 8,3,50,2,3,1,,1,1,1,1 5,,,4,1,2,1,2,1 4 8 11 97,1,1 2 5,2,2 4,5,5,0,,0,,,,0,,,,,,,,,,0,0,,0,,,,,,,,,,5,5,0,,1,1,15,0,1,97,,0,,,,,,,1,1,15,0,1,4,,0,,,,,,,10,0,,,0,0,0,0,0,0,,,,,,,,5,5,,5,5,2,1,5,5,4,1,5,2,2,1,3,,,3,6,1,4,5,4,1,,,,,,
2,6,1,6,2 4,1,0,,,5,5,5,5,4,4,85,3,,1,,0,,,,,,4,2,3,1,3,1 3 4 6,1,2 5,,97,4,5,0,,0,,,,0,,,,,,,,,,0,0,,0,,,,,,,,,,5,2,0,,1,1,3 6 15,0,1,97,,0,,,,,,,1,1,1 15,0,1,4,,0,,,,,,,10,0,,,0,0,0,0,0,0,,,,,,,,5,5,,5,5,4,5,5,5,5,4,,2,100,9,1,1 4,3 4 7 97,2,6,1,6,5,4,1,,,,,,
1,3,1,3,2,2,0,,,5,5,5,5,3 4,3,61,1,1 3,,,0,,,,,,3,1,2,1,2,1 4 97,1,1 2 5,2,4 7,5,5,0,,0,,,,,0,,0,,,,,,,8,0,,0,,,,,,,,,,5,5,1,1,0,,,,,,,1,1,12 14,0,1,97,,0,,,,,,,0,,,,,,,10,0,,,0,0,0,0,0,0,,,,,,,,5,5,,2,5,1,4,2,2,5,4,5,2,87,9,2,1 97,3 4,1,3,1,3,5,3,1,0,,,,,
1,6,1,6,2,1,0,,,5,5,5,5,3 4,3,30,1,1 3 97,,,0,,,,,,4,1,1,1,3,1 4 11 97,1,2 5,3,1 4,5,4,0,,0,,,,0,,,,,,,,,,1,0,,0,,,,,,,,,,5,3,0,,1,1,1 7 11 15,0,1,97,,0,,,,,,,1,1,1 2 3 11 15,0,1,97,,1,1,3 11 15,0,1,97,,10,0,,,0,0,0,0,0,0,,,,,,,,5,5,,5,5,4,1,5,5,5,4,5,2,45,3,2,2 4,4 7,1,6,1,6,5,4,1,,,,,,
2,5,1,4,2,1,2,2,0,5,5,5,5,3 4,3,100,2,3,1 97,,0,,,,,,4,1,1,1,3,1 4 11 97,1,1,2,1 4,5,4,5,20,0,,,,0,0,,1,32,2,6,1,0,1,5,0,,1,2 3 8 97,,,,,,,,,4,4,1 5,1,1,1,15,0,1,2,,1,1,3 7 13,0,1,97,,1,1,1 2 3 7 12 15,0,1,3 4,4,1,1,3 15,0,1,3,,5,0,,,0,0,0,0,0,0,,,,,,,,1,5,,5,5,4,2,2,5,4,4,5,2,6,1,2,1,3,2,5,1,4,5,4,1,1,1,,,,
3,6,1,3,1,4,0,,,5,5,5,5,4,,2,3,,1 3 97,,0,,,,,,3,1,2,0,,,0,,,,5,5,0,,0,,,,1,,,0,,,,,,,0,0,,0,,,,,,,,,,5,3,0,,0,,,,,,,0,,,,,,,0,,,,,,,0,,,,,,,10,0,,,0,0,0,0,0,0,,,,,,,,5,5,,4,5,4,1,5,5,4,4,5,2,2,1,3,,,3,6,1,3,5,3,1,0,,,,,
4,8,,4,1,1,5,1,2,5,5,5,5,4,6,9,3,,1 97,,0,,,,,,3,1,2,1,4,1 3,1,1,4,1 4,5,4,21,11,1,6,5 9 10,5 8,1,,,,,,,,,,8,0,,1,2 97,,,,,,,,,4,3,888,2,0,,,,,,,0,,,,,,,0,,,,,,,0,,,,,,,10,0,,,0,0,0,0,0,1,,,,,,,,2,5,,5,5,1,1,2,3,2,,5,2,24,6,2,1 2,3 6,4,8,,4,5,3,1,,,,,,
4,4,9,11,2 3,4,9,2,0,5,5,5,5,4 8,4,25,3,,1 2 97,,0,,,,,,4,1,1,1,3,1 3 10,1,1 2 3,3,1 4 11 97,4,4,5,21,1,6,5,5 8,1,1,6,1,38,,888,1,0,1,1,0,,0,,0,,,,,,,1,5,3,1 2 3,2,0,,,,,,,1,1,1 2 12 13,0,1,888,,1,1,1 2 3,1,1,2 3 4,3,1,1,15,0,1,2 3,3,10,0,,,0,0,0,0,0,0,,,,,,,,4,5,2,4,4,2,1,4,4,4,4,1,2,8,2,2,97,3,4,4,9,11,5,4,1,1,1,,,,
3,,10,,1,5,0,,,5,5,5,5,4,,6,3,,1 3 97,,0,,,,,,3,1,1,1,3,1 4 11 97,1,1,2,1 11,1,5,0,,1,6,10,8,1,,,,,,,,,,8,0,,0,,,,,,,,,,,3,1,,0,,,,,,,0,,,,,,,0,,,,,,,0,,,,,,,10,0,,,0,0,0,0,0,0,,,,,,,,4,4,,4,5,3,2,2,5,4,,1,1,6,1,3,,,3,,10,,5,3,1,,,,,,
3,11,10,11,2,5,1,2,0,5,5,5,5,4,,1,3,,1,,0,,,,,,3,1,1,0,,,1,5,2,11 97,5,1,7,0,0,,,,0,0,,0,,,,,,,1,0,,0,,,,,,,,,,5,3,1,5,0,,,,,,,0,,,,,,,0,,,,,,,0,,,,,,,10,0,,,0,0,0,0,0,0,,,,,,,,4,5,,4,4,3,1,5,5,4,4,5,2,1,1,5,,,3,11,10,11,5,3,1,0,,,,,
3,11,10,10,2,4,0,,,5,5,5,5,4 8,4,5,3,,1,,0,,,,,,3,1,1,1,3,1 3 4 11 97,1,1,2,1 11 97,5,1,21,0,0,,,,0,1,6,1,38,4,2 3,1,0,1,0,0,,1,3,97,,,,,,,1,5,3,1,1,0,,,,,,,1,1,888,0,1,2,,0,,,,,,,1,1,9 15,0,1,97,,10,0,,,0,0,0,0,0,0,,,,,,,,2,5,2,2,4,4,2,2,5,1,4,3,2,3,1,3,,,3,11,10,10,5,3,1,1,1,,,,
4,11,10,11,1,4,2,2,0,5,5,5,5,8,,40,3,,1 2 3,,0,,,,,,5,1,1,1,2,1 3 4,1,1,2,1 4,5,5,0,,1,3,10,8,1,1,6,1,38,5,6,1,0,1,8,0,,0,,0,,,,,,,0,5,5,0,,0,,,,,,,1,1,1 2 12 13,0,1,97,,1,1,1 2 12 13,0,1,97,,1,1,12 13 14,0,1,97,,9,0,,,0,0,0,0,0,0,,,,,,,,5,5,4,4,5,5,5,5,5,5,1,1,2,11,2,4,,,4,11,10,11,5,5,2,1,1,,,,
4,,,,4,1,0,,,5,5,5,5,4 8,4,3,3,,1,,0,,,,,,4,1,2,0,,,1,1,3,4,5,5,6,0,0,,,,0,1,,,,,,,3,,8,0,,0,,0,,,,,,,1,5,4,1,,0,,,,,,,1,1,9 12 13,2,1,2,,1,1,1 2 3 9 13,0,1,2,,1,1,15,0,1,2,,10,0,,,0,0,0,0,0,0,,,,,,,,5,5,5,2,5,2,1,5,5,2,2,2,1,2,1,3,,,4,,,,5,4,1,,,,,,
1,11,10,11,2,5,0,,,5,5,5,4,4 8,4,16,3,,1 2 3 97,,1,4,1,5,,,5,1,1,1,3,1 6,1,1,3,3 4,4,5,0,,1,2 3,5,8,1,0,,1,38,5,888,0,4,0,8,0,,0,,,,,,,,,,5,2,888,5,1,1,15,2,2,1,,1,1,1 2 3 13,0,1,3,,1,1,1 2 3 12 15,4,1,4,,1,1,15,0,1,888,,10,0,,,0,0,0,0,0,0,,,,,,,,5,5,,4,4,4,4,4,5,4,2,1,2,26,4,4,,,1,11,10,11,5,5,1,1,0,,,,
3,11,10,11,1,4,6,2,0,5,5,5,5,2,,8,1,3 97,,1,1,2 4,0,,2,3,6,1,2,1,4,1 3 6 11 97,0,,,,5,5,0,,0,,,,1,0,,,,,,,,,12,0,,0,,,,,,,,,,5,4,0,,0,,,,,,,0,,,,,,,0,,,,,,,0,,,,,,,6,0,,,0,0,0,0,0,0,,,,,,,,4,5,,5,3,1,1,5,5,2,1,1,2,8,2,3,,,3,11,10,11,5,6,1,,,,,,
3,11,10,11,1,5,2,2,0,5,5,5,5,4 8,4,50,3,,1 3,,0,,,,,,3,1,2,1,3,888,1,1 2,1,4 11,5,5,0,,1,3,6,5 8,1,,,,,,,,,,2,0,,0,,,,,,,,,,5,3,1 2,3,1,1,15,0,1,2,,1,1,3 6,4,1,2,,0,,,,,,,1,1,15,0,1,2,,10,0,,,0,0,0,0,0,0,,,,,,,,5,5,,4,2,2,2,5,5,2,2,1,2,12,2,2,97,3,3,11,10,11,5,3,1,,,,,,
2,11,10,11,4,1,3,2,0,5,5,5,5,4 8,4,7,3,,1 2 3,,0,,,,,,3,1,2,0,,,1,1,4,4,5,5,0,,0,,,,1,1,6,1,38,,888,1,0,0,5,0,,0,,0,,,,,,,0,5,5,1 2,1,0,,,,,,,1,1,12 13,0,1,97,,1,1,1 2 12 13,0,1,2,,0,,,,,,,10,0,,,0,0,0,0,0,0,,,,,,,,5,5,5,2,4,2,3,4,5,2,2,1,2,7,1,1,1,3,2,11,10,11,5,3,1,1,0,,,,
4,10,10,11,1,5,0,,,5,5,5,5,4,,3,3,,1 2,,0,,,,,,4,1,2,0,,,1,1,3,4,5,1,1,0,0,,,,0,1,97,,,,,,888,,0,0,,0,,0,,,,,,,1,5,2,0,,0,,,,,,,0,,,,,,,0,,,,,,,0,,,,,,,10,0,,,0,0,0,0,0,0,,,,,,,,5,5,5,4,4,5,1,5,5,1,5,1,2,3,1,1,97,6,4,10,10,11,5,4,1,,,,,,
4,11,10,11,1,5,2,2,0,5,5,5,5,8,,20,3,,1 97,,0,,,,,,4,1,1,1,3,1 4 11 12 97,0,,,,5,1,0,,0,,,,1,1,,,,,,,888,,0,0,,0,,0,,,,,,,0,5,4,0,,0,,,,,,,0,,,,,,,1,1,1 2 12,0,1,4,,1,1,3 15,0,1,97,,10,0,,,0,0,0,0,0,0,,,,,,,,,5,5,1,2,5,1,5,5,2,3,1,2,2,1,3,,,4,11,10,11,5,4,1,,,,,,
3,11,9,11,1,5,1.24000001,2,0,5,5,5,5,4 8,4,100,3,,1 3,,0,,,,,,3,1,2,0,,,1,1,3,1 4,5,5,1,0,1,3,5,5 11,1,,,1,97,,4 6,0,888,0,0,0,,0,,,,,,,,,,5,1,1,4,1,1,12,4,1,2,,1,1,1 2 12,0,1,2,,1,1,1 2 3 12,1,1,2 5,5,1,1,12,0,1,2,,10,0,,,0,0,0,0,0,0,,,,,,,,4,5,,4,2,1,1,2,3,2,1,2,2,15,4,2,1 97,3,3,11,9,11,4,3,1,1,0,,,,
4,11,9,10,1,5,0,,,5,5,5,5,8,,9,3,,1 3,,0,,,,,,4,1,1,1,3,1 3 4 11 97,1,1 2,3,1 11 97,5,5,0,,0,,,,0,0,,1,38,5,5,0,2,0,1,0,,0,,,,,,,,,,5,3,0,,0,,,,,,,0,,,,,,,0,,,,,,,0,,,,,,,10,0,,,0,0,0,0,0,0,,,,,,,,5,5,,4,5,2,1,2,5,4,,1,1,6,1,3,,,4,11,9,10,5,4,1,1,0,,,,
3,11,10,11,1,5,4,2,0,5,5,5,5,4,,20,3,,1,,0,,,,,,3,1,2,1,3,10 97,1,1,3,1 3,5,5,0,,0,,,,1,1,6,1,38,5,888,1,0,0,0,0,,0,,0,,,,,,,1 2,4,3,1,2,1,1,11 13 15,0,1,2,,1,1,12 13,0,1,2,,1,1,1 2 13 15,0,1,97,,0,,,,,,,10,0,,,0,0,0,0,0,0,,,,,,,,5,4,4,1,4,2,2,4,4,2,1,1,1,3,1,3,,,3,11,10,11,5,3,1,1,0,,,,
2,,,,2,5,0,,,5,5,5,5,4 8,4,6,1,1,,,0,,,,,,2,1,2,1,3,1 4 11,0,,,,5,4,7,0,0,,,,1,1,,0,,,,,888,,8,0,,0,,0,,,,,,,1,5,3,0,,1,1,15,0,2,2,,0,,,,,,,1,1,1 2,0,1,2,,0,,,,,,,10,0,,,0,0,0,0,0,0,,,,,,,,5,5,4,1,2,2,1,4,5,2,2,1,2,4,1,4,,,2,,,,5,2,1,0,,,,,
2,11,9,11,3 4,1,0,,,5,5,5,5,4 8,8,5,3,,1 2 3,,0,,,,,,2,1,1,1,2,1 2 4 10 11,1,1 2 5,2,1 4 11,4,3,11,0,0,,,,1,1,97,1,,4,6,0,888,1,2,0,,0,,0,,,,,,,1,3,2,1 3,1,1,1,15,0,1,97,,1,1,1 2 3 7 12,0,1,2,,1,1,1 2 3 15,1,1,4,,0,,,,,,,10,0,,,0,0,0,0,0,0,,,,,,,,5,4,4,4,5,4,1,4,4,4,1,4,2,5,1,3,,,2,11,9,11,5,2,1,1,1,,,,
2,,,,2 5,2,1.5,2,0,5,5,5,5,4 8,4,5,2,97,1 3,,0,,,,,,5,1,2,1,3,1 3 4 7,1,1,2,1,4,1,21,0,1,2 3 6,6 10,8 11,1,1,6,0,,,,,97,,8,0,,0,,97,,,,,,,5,4,1,0,,0,,,,,,,1,1,5 12,0,1,1 2,2,1,1,1 2 3 15,0,1,2 4,4,1,1,12 13,0,1,1,,10,0,,,0,0,0,0,0,0,,,,,,,,5,4,5,4,5,4,1,2,4,4,1,1,2,7,2,2,4 97,6,2,,,,1,5,1,0,,,,,
2,7,9,11,4,1,0,,,5,4,5,5,4 8,4,5,2,1,3,,0,,,,,,3,1,1,0,,,1,1 2 5,3,1 4,5,5,0,,1,3 6,3 97,8,1,0,,1,38,2,6,1,0,1,1,1,8,1,2 7 8,,,,,,,,,5,3,2,1,1,1,7 13 15,0,1,2,,1,1,2 12 13,0,1,97,,1,1,1 2 15,0,1,2 4,4,1,1,3 15,0,1,97,,10,0,,,0,0,0,0,0,0,,,,,,,,1,1,,5,4,4,1,1,5,5,4,5,2,3,1,2,2,3,2,7,9,11,2,3,2,1,1,,,,
4,11,10,11,1,5,1.5,2,0,5,5,5,5,4 8,4,5,3,,1 3,,0,,,,,,5,1,1,1,2,1 3 4,1,1,2,10 97,5,5,0,,0,,,,1,1,,,,,,,2,,5,0,,0,,0,,,,,,,0,5,5,1,1,0,,,,,,,0,,,,,,,1,1,1 2 12 13,0,1,1,,0,,,,,,,10,0,,,0,0,0,0,0,0,,,,,,,,5,5,3,5,5,2,1,5,5,2,,1,2,5,1,4,,,4,11,10,11,5,5,1,,,,,,
4,11,9,11,1,5,0,,,5,5,5,5,4 8,4,14,3,,1 2 3,,0,,,,,,4,1,1,1,2,1 3 4 11,1,1 3,2,1 10,5,1,21,0,0,,,,1,0,,1,38,4,6,1,0,1,0,0,,0,,,,,,,,,,,4,2 3,4,0,,,,,,,1,1,13 15,0,1,888,,1,0,,0,2,2,,1,1,15,0,1,2,,10,0,,,0,0,0,0,0,0,,,,,,,,5,2,,3,5,4,2,2,4,4,2,4,2,14,3,1,97,3,4,11,9,11,4,4,1,1,1,,,,
3,11,10,10,1,5,0,,,4,4,5,5,4 8,4,6,3,,1 3,,0,,,,,,3,1,2,0,,,1,1,3,11 97,5,5,0,,0,,,,0,0,,,,,,,,,0,0,,0,,,,,,,,,,5,3,0,,0,,,,,,,0,,,,,,,0,,,,,,,1,1,15,0,1,888,,10,0,,,0,0,0,0,0,0,,,,,,,,5,4,,2,4,4,2,5,5,2,4,1,2,6,1,2,1 97,6,3,11,10,10,5,3,1,,,,,,
3,11,,11,2,4,0,,,5,5,5,5,2 4 8,2,10,1,3 97,,1,0,1 4,0,,0,3,5,1,1,0,,,1,1,2,1,5,2,0,,0,,,,1,0,,0,,,,,,,0,0,,0,,,,,,,,,,5,5,0,,0,,,,,,,0,,,,,,,1,1,2 3,0,1,97,,0,,,,,,,10,0,,,0,0,0,0,0,0,,,,,,,,5,4,,2,4,1,1,2,5,4,2,4,2,15,4,4,,,3,11,,11,5,5,1,0,,,,,
4,11,10,11,4,5,1.25,2,0,5,5,5,5,8,,50,3,,1 2 3,,0,,,,,,6,1,1,1,3,1 3 97,1,1 2 5,3,1 3,5,5,0,,0,,,,1,1,6,1,38,,1,1,0,0,5,0,,1,2 8,0,,,,,,,0,5,5,0,,0,,,,,,,0,,,,,,,1,1,1 2 3 12 13,1,1,4,,0,,,,,,,10,0,,,0,0,0,0,0,0,,,,,,,,2,5,4,4,5,2,2,4,4,4,4,1,2,5,1,2,1,3,4,11,10,11,5,6,1,1,0,,,,
3,10,9,10,1,5,16,2,0,5,5,5,5,8,,18,3,,1 97,,0,,,,,,3,1,1,1,3,1 3 4 97,1,2,3,1 4 11 97,5,1,0,,0,,,,1,1,6,,,,,,888,,1,0,,0,,4,,,2,5,,,1,5,5,1,2,0,,,,,,,1,1,1 2 12 13,0,1,97,,1,1,1 2 10,0,1,97,,1,1,15 97,0,1,97,,10,0,,,0,0,0,0,0,0,,,,,,,,2,2,2,2,2,2,1,4,4,1,1,1,2,4,2,2,97,3,3,10,9,10,5,3,1,,,,2,,
3,11,10,11,1,5,0,,,5,5,5,5,2 8,2,14,2,3,3,1,0,1 2,0,,0,3,5,1,1,1,3,1 3,1,1 2 5,3,3 97,5,5,0,,0,,,,1,1,6,1,38,5,1,1,888,0,8,0,,0,,97,,,,,,,0,,5,0,,0,,,,,,,0,,,,,,,1,1,1 2 12 13,0,1,2,,1,1,15,0,1,97,,9,1,7,97,0,0,0,0,0,0,,,,,,,,2,5,2,4,4,2,2,2,4,4,1,4,2,14,3,1,2 97,3 6,3,11,10,11,3,5,1,1,0,,,,
4,11,10,11,1,5,10,2,0,5,5,5,5,4 8,4,10,3,,1 2 3,,0,,,,,,4,1,1,1,3,1 3 4 11 97,1,1,3,1 4 11 97,5,2,22,0,1,2,10,10,1,0,,,,,,,,,0,0,,0,,,,,,,,,,5,3,1 5,2,0,,,,,,,0,,,,,,,1,1,1 2 13,0,1,2 4,4,0,,,,,,,8,0,,,0,0,0,0,0,0,,,,,,,,5,5,,2,5,2,1,4,4,4,4,1,2,12,3,2,97,3,4,11,10,11,5,4,4,,,,,,
1,9,7,9,2,4,80,2,1,5,5,5,5,2 4 8,2,40,1,3,,2,0,1 4,1,2 4 5,0,3,1,1,1,0,,,1,1 5,3,11 97,5,4,11,5,1,6,5 6 10,5 8,1,1,97,0,,,,,2,,8,0,,0,,0,,,,,,,1,5,3,0,,0,,,,,,,1,1,1 9 15,0,1,3 4,4,1,1,1 2 12,0,1,4,,1,1,7 15,1,1,3,,10,0,,,0,0,0,0,0,0,,,,,,,,5,5,2,1,5,1,1,4,5,1,1,1,2,40,9,1,1 97,3 4 6,1,9,7,9,5,1,1,0,,,,,
3,6,8,10,1,2,0,,,5,5,5,5,8,,2,3,,1 3,,0,,,,,,3,1,2,0,,,1,1,3,1 4 6 11,5,5,0,,0,,,,1,1,6,1,38,5,6,1,0,0,5,0,,0,,0,,,,,,,1,5,4,0,,1,1,15,0,2,1 4,4,1,1,1 2 12 13,0,1,2,,1,1,1 2 3 13,0,1,4,,1,1,15,0,1,1,,5,0,,,0,0,0,0,0,0,,,,,,,,2,2,4,4,5,2,2,4,4,2,1,4,2,2,1,3,,,3,6,8,10,5,3,1,1,0,,,,
2,11,10,11,2,5,17000,2,0,5,5,4,5,4,,6,1,97,,,0,,,,,,2,1,2,1,2,4 97,1,1,3,4 97,1,1,3,0,1,3,10,5 8 11,1,1,6,1,38,5,3 6,1,0,1,1,0,,0,,0,,,,,,,1,5,3,1,2,0,,,,,,,1,1,15,0,1,2,,1,1,1 2 3 13 15,3,1,2 4,4,1,1,7 15,0,1,888,,7,0,,,1,0,0,0,0,0,97,4,1000,,,,,2,2,2,4,4,4,1,4,4,4,2,4,2,1,1,5,,,2,11,10,11,5,2,1,1,1,,,,
2,2,1,2,3 4 97,1,15,1,2,4,5,5,5,1 4 10,10,500,1,2 3 97,,,0,,,,,,2,1,3,1,3,4 5 8,1,1,3,4 5 8,4,2,0,,0,,,,1,0,,0,,,,,,,1,0,,0,,,,,,,,,,5,5,0,,0,,,,,,,0,,,,,,,0,,,,,,,0,,,,,,,7,0,,,0,0,0,0,0,0,,,,,,,,5,5,,5,5,3,1,4,5,4,1,5,2,148,9,1,4 11 97,1 4 97,2,2,1,2,2,2,4,0,,,,,
3,6,1,3,3 4,1,32,1,2,5,5,5,5,3 4,4,100,3,,1 97,,1,1 4,1,2 3,,,3,1,1,1,2,1 3 4 6 7 11,1,1 2 3 5,2,1 4 7 11,4,3,3,0,0,,,,1,1,,0,,,,,1 2,,5,0,,0,,0,,,,,,,5,3,3,2 5,4,1,1,15,0,4,1 2 4,2,0,,,,,,,1,1,15,4,4,1 2 4,4,0,,,,,,,10,0,,,0,0,0,0,0,0,,,,,,,,5,5,5,1,5,4,2,5,5,5,1,5,2,110,9,5,,,3,6,1,3,4,3,1,0,,,,,
2,11,9,11,4,5,4,2,0,5,5,5,5,8,,50,3,,3,,1,1,1,2,,,2,1,1,1,3,1 2,1,1 2,2,1 2 6,5,5,0,,0,,,,1,,,,,,,,,,1,0,,0,,,,,,,,,,5,4,1 5,1,0,,,,,,,0,,,,,,,1,1,1 2,0,1,4,,0,,,,,,,10,0,,,0,0,0,0,0,0,,,,,,,,5,5,,2,4,4,2,5,5,4,2,1,2,4,1,2,14,4,2,11,9,11,2,2,5,,,,,,
3,10,10,10,1,5,0,,,5,5,5,5,4 8,4,30,3,,1 3 97,,0,,,,,,3,1,4,1,3,1 3 4 6 11,1,2,2,1 6 11,5,5,0,,1,6,5,8,1,0,,0,,,,,,,8,0,,0,,,,,,,,,,5,5,1,,0,,,,,,,1,1,1 2 12,0,1,97,,0,,,,,,,0,,,,,,,10,0,,,0,0,0,0,0,0,,,,,,,,5,5,,1,2,1,1,5,2,1,2,1,2,26,4,1,1,3 6,3,10,10,10,4,3,1,0,,,,,
3,10,,10,2,4,0,,,5,5,5,5,2 8,2,31,1,3,,1,1,1 4,0,,0,3,3,1,1,0,,,1,1 2,3,4,5,5,0,,0,,,,0,0,,0,,,,,,,1,0,,0,,,,,,,,,,5,5,1,1,0,,,,,,,1,0,,0,1,97,,0,,,,,,,0,,,,,,,10,0,,,0,0,0,0,0,0,,,,,,,,5,5,,4,4,1,1,5,3,1,1,1,2,15,3,4,,,3,10,,10,5,3,1,0,,,,,
3,5,9,11,4,5,1.5,2,0,4,5,3,5,2 8,2,100,1,3,,1,1,1,1,2 5,0,3,3,1,1,1,3,1 2 4 8,1,1 2,2,1 2 7 8,5,2,0,,0,,,,0,0,,0,,,,,,,3,0,,0,,,,,,,,,,5,5,0,,0,,,,,,,0,,,,,,,0,,,,,,,0,,,,,,,10,0,,,0,0,0,0,0,0,,,,,,,,5,5,,2,5,4,1,5,5,5,1,1,2,9,2,2,97,3,3,5,9,11,5,3,1,0,,,,,
4,10,6,4,1,4,3,1,0,5,1,5,5,4,,10,3,,1 2,,1,1,1,2,,,4,1,1,1,3,1 3,0,,,,5,5,2,5,0,,,,0,0,,0,,,,,,,2,0,,0,,,,,,,,,,5,5,0,,1,0,,0,1,97,,0,,,,,,,0,,,,,,,0,,,,,,,5,0,,,0,0,0,0,0,0,,,,,,,,1,1,,3,3,5,1,5,4,2,1,1,2,10,3,3,,,4,10,6,4,5,4,5,0,,,,,
2,2,5,2,2,3,10,1,3,3,5,5,5,2,,35,1,3,,1,0,4,1,2 3 4 5,0,3,2,1,1,0,,,1,1 2 3 4 5,3,1 3 4,5,2,22,1,0,,,,1,1,6,0,,,,,1,,1,1,5,1,1 7,0,,,,,,,0,1,5,1,2,1,0,,1,1,1,,1,1,15,0,2,2,,1,0,,0,1,2,,0,,,,,,,10,0,,,0,0,0,0,0,0,,,,,,,,2,1,5,2,2,2,1,5,5,1,1,1,2,14,3,3,,,2,2,5,2,5,2,1,0,,,,,
3,11,8,9,2,2,5,2,0,5,5,4,5,8,,13,1,1,,,0,,,,,,3,1,2,1,2,1 3,1,1,2,1 3,5,2,0,,0,,,,1,,,1,,,888,0,3,0,2,0,,1,1 7,,,,,,,,,5,5,1,1,1,1,3 12,0,2,97,,1,1,12,0,1,97,,1,1,2 15,0,1,97,,1,1,15,0,1,97,,10,0,,,0,0,0,0,0,0,,,,,,,,5,5,,4,5,5,1,2,2,5,4,1,2,13,4,1,1 2,4 6,3,11,8,9,5,3,2,1,0,,,,
3,11,,,2,4,3,2,0,5,5,5,5,4,,110,3,,1 3,,0,,,,,,3,1,1,1,2,1 3 4 7 11,1,1 2 5,2,2 6 7,5,5,5,11,0,,,,1,1,,0,,,,,3,,1,0,,1,97,0,,,,,,,0,5,5,1,3,0,,,,,,,1,1,10 15,0,1,2,,0,,,,,,,0,,,,,,,4,0,,,0,0,0,0,0,0,,,,,,,,4,5,5,1,5,5,1,5,5,2,4,2,2,8,1,2,97,3,3,11,,,1,3,2,0,,,,,
1,9,6,9,1,5,2,4,2,5,5,5,5,2,,80,2,97,97,1,2,4,1,2 3,2,3,1,1,1,1,3,2 6,1,97,3,2,5,5,0,,0,,,,0,0,,0,,,,,,,2,0,,0,,,,,,,,,,5,2,0,,0,,,,,,,0,,,,,,,0,,,,,,,0,,,,,,,4,0,,,0,0,0,0,0,1,,,,,,,,4,4,,1,4,4,1,4,4,4,3,1,1,4,1,3,,,1,9,6,9,5,1,1,0,,,,,
3,9,8,9,2,5,0,,,5,5,5,5,2,,13,1,2,,1,0,4,0,,1,3,3,1,1,1,2,1 3,1,1 97,2,1 3,5,4,11,0,0,,,,0,0,,0,,,,,,,2,0,,0,,,,,,,,,,5,5,0,,0,,,,,,,0,,,,,,,0,,,,,,,1,0,,0,2,1 2,2,9,0,,,0,0,0,0,0,0,,,,,,,,5,3,,4,2,5,1,5,5,3,4,5,2,13,5,3,,,3,9,8,9,5,3,1,0,,,,,
1,9,7,9,1,5,2,2,0,5,5,5,3,2 8,8,100,2,1,1 3,1,0,0,1,97,0,3,4,1,1,0,,,0,,,,5,5,0,,0,,,,1,0,,0,,,,,,,8,0,,0,,,,,,,,,,5,3,888,3,0,,,,,,,0,,,,,,,0,,,,,,,0,,,,,,,10,0,,,0,0,0,0,0,0,,,,,,,,5,5,,4,4,2,1,5,4,4,1,2,2,4,2,4,,,1,9,7,9,4,4,1,0,,,,,
4,4,5,4,2,4,0,,,5,4,3,1,8,,11,1,1,,,0,,,,,,4,1,4,1,3,1 3 4,0,,,,2,3,1,5,0,,,,0,0,,0,,,,,,,1,,,0,,,,,,,,,,3,3,1 5,,1,0,,5,2,1 2,1,1,1,3,2,2,1,,1,1,3,30,1,1,,0,,,,,,,2,0,,,0,0,0,0,0,0,,,,,,,,5,5,,2,2,1,2,2,2,2,,1,1,11,2,3,,,4,4,5,4,5,4,2,0,,,,,
2,,,,1,5,17000,2,0,5,5,5,5,4 8,4,100,3,,3 97,,0,,,,,,3,1,1,1,4,11,1,1 2,2,2 4 10 12,5,5,0,,0,,,,1,1,,,,,,,2,,0,0,,0,,0,,,,,,,0,5,5,0,,0,,,,,,,1,1,888,0,1,97,,1,1,1 2 15,0,1,97,,1,1,3 15,0,1,2,,10,0,,,0,0,0,0,0,0,,,,,,,,5,5,4,5,4,1,2,5,5,4,4,1,2,3,1,5,,,2,,,,5,3,5,,,,,,
3,9,6,3,3,4,0,,,5,5,5,2,4,,30,3,,1 3,,0,,,,,,3,1,1,1,2,1,0,,,,5,5,2,11,0,,,,0,0,,0,,,,,,,2,0,,0,,,,,,,,,,5,5,97,,0,,,,,,,0,,,,,,,0,,,,,,,0,,,,,,,5,0,,,0,0,0,0,0,0,,,,,,,,3,3,,4,2,3,2,2,4,2,2,3,1,6,3,3,,,3,9,6,3,5,3,5,0,,,,,
2,9,4,3,3,5,0,,,5,3,5,5,4,,25,3,,1,,0,,,,,,2,1,1,1,2,1,1,1 2,2,97,5,4,2,11,1,3,1 8,8,1,0,,1,,,6,,888,,2,0,,0,,,,,,,,,,4,2,0,,0,,,,,,,1,1,9,1,1,2,,0,,,,,,,0,,,,,,,5,0,,,0,0,0,0,0,0,,,,,,,,5,5,,3,3,3,1,1,2,4,2,1,2,2,1,3,,,2,9,4,3,5,2,4,1,,,,,
4,4,4,4,2 3,5,1,2,1,5,2,5,5,4,,11,3,,2,,0,,,,,,4,1,1,1,2,1 2 3 4,1,1 2 3,2,1 3,5,5,0,,0,,,,0,0,,0,,,,,,,1,0,,0,,,,,,,,,,,3,888,,1,1,15,0,1,1,,,,,,,,,1,1,15,0,1,1,,1,1,15,0,1,1,,10,0,,,0,0,0,0,0,0,,,,,,,,4,2,,,,,4,5,,5,,5,2,11,2,3,,,4,4,4,4,5,4,1,0,,,,,
1,9,10,9,1,3,0,,,5,5,5,5,2,,17,1,97,,2,1,97,1,3 4,0,3,1,1,1,1,4,97,1,1,4,4,4,2,1,0,1,3,0,8,1,1,,0,,,,,97,,8,1,9,0,,0,,,,,,,0,4,2,0,,0,,,,,,,1,1,12,20,1,2,,0,,,,,,,1,0,,0,1,2,,9,0,,,0,0,0,0,0,0,,,,,,,,5,5,,2,4,2,1,2,2,4,4,2,,5,2,3,,,1,9,10,9,5,1,1,0,,,,,
1,9,7,9,1,5,0,,,4,5,5,4,2,,40,1,97,,2,1,97,0,,0,5,2,1,1,0,,,1,1,2,3,5,5,1,4,1,3,10,97,1,0,,0,,,,,,,6,0,,1,2 97,,,,,,,,,5,2,0,,0,,,,,,,,,,,,,,1,0,,0,1,2 4 5,4,0,,,,,,,10,0,,,0,0,0,0,0,0,,,,,,,,5,5,,3,3,5,1,5,2,2,1,2,1,4,1,4,,,1,9,7,9,5,2,1,0,,,,,
2,9,10,9,2 3,5,0,,,5,4,5,5,2,,200,1,1 2,,1,1,97,1,2,0,3,5,1,1,1,2,1 2 3 4 6,1,1,1,1 2 4,4,4,7,22,1,3,2 4,8,0,0,,0,,,,,,,1,0,,0,,,,,,,,,,5,5,0,,0,,,,,,,0,,,,,,,0,,,,,,,0,,,,,,,10,0,,,0,0,0,0,0,0,,,,,,,,5,5,,5,3,5,4,5,5,3,2,1,2,11,3,5,,,2,9,10,9,5,5,1,0,,,,,
3,,7,10,2,5,3,2,0,5,4,5,5,2 8,2,45,1,1 3,,1,1,1,1,2,0,3,3,1,1,1,4,1 12,1,1 2,3,1 6 12,4,4,1,21,,,,,1,1,97,,,,,,888,,1,0,,0,,0,,,,,,,0,5,5,0,,1,1,2 12,1,1,2,,1,1,12,0,1,888,,1,1,1 2,0,2,1 2,2,1,1,3 15,0,1,2,,10,0,,,0,0,0,0,0,0,,,,,,,,4,5,5,2,4,5,4,4,5,2,4,3,2,6,1,5,,,3,,7,10,5,3,1,,,,,,
2,9,7,9,1,5,0,,,4,4,3,5,2,,100,1,97,,1,2,3,1,2,0,4,1,1,1,1,3,1 3 4,0,,,,5,5,0,,1,4,97,1,0,0,,0,,,,,,,2,1,6,1,1 2,,,,,,,,,5,2,97,,1,0,,0,5,999,,0,,,,,,,1,1,1 3,2,1,2 4,2,1,0,,0,1,2,,7,0,,,0,0,0,0,0,1,,,,,,,,2,4,,2,3,2,1,3,3,2,3,1,,8,2,3,,,2,9,7,9,5,1,1,0,,,,,
3,,3,8,1,5,0,,,5,5,5,5,4 8,4,24,3,,1 97,,1,4,1,2 3,,,3,1,2,0,,,0,,,,5,1,0,,0,,,,1,,,0,,,,,,,8,0,,0,,,,,,,,,,5,4,888,3,0,,,,,,,0,,,,,,,1,1,1 15,0,1,4,,0,,,,,,,10,0,,,0,0,0,0,0,0,,,,,,,,4,4,,4,4,2,2,5,5,4,,1,2,30,3,2,97,3,3,,3,8,5,3,1,0,,,,,
2,9,,9,2,3,3,2,0,5,5,5,5,4 8,4,7,1,1,,,0,,,,,,2,1,1,1,3,4 11 97,1,2 5,3,4 11 97,5,5,0,,1,6,0,8,1,1,6,0,,,,,888,,1,0,,0,,0,,,,,,,0,5,3,888,1,0,,,,,,,0,,,,,,,0,,,,,,,0,,,,,,,6,0,,,0,0,0,0,0,0,,,,,,,,4,4,5,2,5,5,1,4,5,4,,4,2,5,1,3,,,2,9,,9,5,2,1,0,,,,,
5,11,10,11,2,3,2,2,0,5,5,5,5,8,,9,3,,1 3,,0,,,,,,5,1,1,1,3,1 3 4 11,1,1,2,4 11,5,5,21,11,0,,,,1,1,97,1,,4,6,0,888,0,5,0,,0,,0,,,,,,,1 2,5,5,1 2,1,0,,,,,,,1,1,12 13,0,1,97,,1,1,1 2 12 13,0,1,97,,1,1,15,0,1,97,,10,0,,,0,0,0,0,0,0,,,,,,,,5,5,5,4,4,2,1,5,4,4,1,1,2,9,2,5,,,5,11,10,11,5,5,1,1,0,,,,
2,5,1,5,2,1,10,1,2,5,5,5,5,4,,10,2,2 3,1,,0,,,,,,5,1,2,1,3,1 3 4 7 11,1,2,2,4,4,3,3,5,0,,,,0,0,,1,32,,2 3,0,2 3,0,0,0,,0,,,,,,,,,,4,3,0,,0,,,,,,,0,,,,,,,0,,,,,,,0,,,,,,,10,0,,,0,0,0,0,0,0,,,,,,,,5,5,,2,5,5,1,5,5,5,5,5,2,10,2,2,97,3,2,5,1,5,5,5,1,1,0,,,,
2,6,1,6,2,1,2,1,0,5,5,5,5,4 8,8,10,3,,1,,0,,,,,,5,1,2,1,3,2 6 10 12,1,1 2,2,2 6 10,5,5,0,,0,,,,1,,,0,,,,,,,1,0,,0,,,,,,,,,,5,1,0,,1,1,15,1,1,97,,0,,,,,,,0,,,,,,,0,,,,,,,10,0,,,0,0,0,0,0,0,,,,,,,,5,5,,2,4,2,1,5,5,4,,5,2,10,3,2,97,97,2,6,1,6,4,5,1,0,,,,,
3,4,1,5,2,1,2,1,2,5,5,5,5,4 8,4,4,3,,1 97,,0,,,,,,4,1,1,0,,,0,,,,5,1,0,,0,,,,0,,,0,,,,,,,0,0,,0,,,,,,,,,,5,1,0,,0,,,,,,,0,,,,,,,0,,,,,,,0,,,,,,,10,0,,,0,0,0,0,0,0,,,,,,,,5,5,,4,4,2,1,2,2,4,4,5,2,4,1,5,,,3,4,1,5,1,4,1,0,,,,,
3,6,1,6,2,1,1,2,0,5,5,5,5,4,,5,3,,1,,0,,,,,,6,2,3,0,,,0,,,,1,1,3,0,0,,,,1,,,0,,,,,,,8,0,,0,,,,,,,,,,5,4,1,2,0,,,,,,,0,,,,,,,0,,,,,,,0,,,,,,,10,0,,,0,0,0,0,0,0,,,,,,,,5,5,,4,5,4,1,2,5,5,3,4,2,5,1,5,,,3,6,1,6,5,6,1,0,,,,,
3,5,1,5,2,1,3,2,1,5,5,5,5,4,,7,3,,1,,0,,,,,,5,1,2,1,3,1 3 4,1,1 2 3,1,4 11,1,5,3,0,0,,,,1,1,6,1,32,,6,1,0,1,5,0,,1,2 5 6 97,6 97,,,,,,,1 2 3 5,5,4,2 3 5,1,0,,,,,,,0,,,,,,,1,1,1 2 12 15,0,1,2,,1,1,3 15,0,1,97,,10,1,97,97,0,0,0,0,0,0,,,,,,,,5,4,1,4,5,5,1,2,5,5,2,5,2,7,2,2,97,4,3,5,1,5,5,5,1,1,1,,,,
3,4,1,5,1,1,0,,,5,5,5,5,4,,2,1,3,,,0,,,,,,4,1,1,0,,,0,,,,5,5,0,,0,,,,,0,,0,,,,,,,0,0,,0,,,,,,,,,,5,3,888,3,0,,,,,,,0,,,,,,,0,,,,,,,0,,,,,,,10,0,,,0,0,0,0,0,0,,,,,,,,5,5,,2,4,2,1,4,5,4,3,4,1,2,1,3,,,3,4,1,5,5,4,1,0,,,,,
3,5,1,5,1,1,0,,,5,5,5,5,4,,3,1,1,,,0,,,,,,5,1,2,0,,,0,,,,5,5,0,,0,,,,,,,0,,,,,,,0,0,,0,,,,,,,,,,5,5,888,,0,,,,,,,0,,,,,,,0,,,,,,,0,,,,,,,10,0,,,0,0,0,0,0,0,,,,,,,,5,5,,2,3,1,1,5,5,4,1,5,2,3,1,3,,,3,5,1,5,5,5,1,0,,,,,
3,5,1,5,2,1,0,,,5,5,5,5,4,,1,1,1,,,0,,,,,,5,1,4,0,,,0,,,,5,5,0,,0,,,,1,,,0,,,,,,,0,0,,0,,,,,,,,,,5,4,888,5,0,,,,,,,0,,,,,,,0,,,,,,,0,,,,,,,10,0,,,0,0,0,0,0,0,,,,,,,,5,,,1,4,1,1,5,5,5,4,2,1,1,1,3,,,3,5,1,5,5,5,1,0,,,,,
4,5,1,5,2,5,0,,,5,5,5,5,4,,30,1,1,,,0,,,,,,5,1,2,0,,,0,,,,5,4,0,,0,,,,0,,,0,,,,,,,8,0,,0,,,,,,,,,,5,5,0,,0,,,,,,,0,,,,,,,0,,,,,,,0,,,,,,,10,0,,,0,0,0,0,0,0,,,,,,,,5,4,,2,4,2,1,5,5,4,,5,1,1,1,3,,,4,5,1,5,5,5,1,0,,,,,
2,4,1,5,2,1,0,,,5,5,5,5,3 8,8,15,2,97,1,,0,,,,,,5,1,2,1,3,1 4 6,1,2,4,888,5,5,0,,1,2,5 10,7,1,0,,0,,,,,,,7,0,,0,,,,,,,,,,5,5,0,,1,1,15,0,1,97,,0,,,,,,,0,,,,,,,0,,,,,,,10,0,,,0,0,0,0,0,0,,,,,,,,5,5,,4,2,3,1,5,4,4,1,2,2,4,2,5,,,2,4,1,5,5,5,1,0,,,,,
2,4,1,4,2 4,1,2.5,2,0,5,5,5,5,4 7 8 97,1,40,1,3,,,0,,,,,,4,1,2,1,3,1 3 4 6,1,1 2,3,1 3 4 6,4,4,3,0,1,2 6 7,10,5,1,1,,,,,,,888,,5,0,,0,,97,,,,,,,0,5,5,0,,1,1,11 15,0,1,97,,0,,,,,,,1,0,,0,1,97,,1,1,13 15,0,1,97,,10,0,,,0,0,0,0,0,0,,,,,,,,5,5,2,5,5,5,1,4,5,2,,5,2,6,2,3,,,2,4,1,4,5,4,1,,,,,,
1,5,1,5,2,1,10,2,1,5,5,5,5,2,,100,1,1 3,,1,0,1,0,,0,3,5,1,2,1,3,1 4 6 11,1,1,3,1 4 11,4,5,3,0,0,,,,0,0,,0,,,,,,,2,0,,0,,,,,,,,,,5,5,0,,1,1,3 15,0,1,97,,0,,,,,,,1,1,1 2 7 14 15,0,1,97,,0,,,,,,,10,0,,,0,0,0,0,0,0,,,,,,,,5,5,,4,4,4,1,2,5,5,5,5,2,10,5,4,,,1,5,1,5,5,5,1,0,,,,,